Map Name,psalter_pictorial_map_normalized_reading,Psalter_Pictorial_Map_Diplomatic_Reading,psalter_list_map_normalized_reading,Psalter_List_Map_Diplomatic_Reading,munich_isidore_map_normalized_reading (munich clm 10058 f. 154v),Munich_Isidore_Map_Diplomatic_Reading (Munich Clm 10058 f. 154v),descriptio_hsv_map_normalized_reading,Descriptio_HSV_Map_Diplomatic_Reading_Index,lambert_de_saint_omer_ map(s)_normalized_reading,Lambert_de_Saint-Omer_ Map(s)_Diplomatic_Reading,cotton_map_normalized_reading,Cotton_Map_Diplomatic_Reading,bl_royal_14.c_ix_map_normalized_reading,BL_Royal_14.C_IX_Map__Diplomatic_Reading,chronicon_hsv_map_normalized_reading_paris_bn150009,Chronicon_HSV_Map_Diplomatic_Reading,sawley_map_normalized_reading,Sawley_Map_Diplomatic_Reading,hereford_map_normalized_reading,Hereford_Map_Diplomatic_Reading
Places,albania inferior,Albania Inferior,india,India,subsolanus v.,subsolanus,abarim m.,Abarim,hispania,Hispania,verona,Verona,cartago in africa,cartago,asia,Asia,pactolus fl.,pactolus,marsop? parandus?,marsop?
,amazones g.,Amazones,parthia r.,Parthia,eurus v.,eurus,abidos c.,abidos,hesperia r.,Hesperia,islandia,Island,antipedes g.,Antipedes,europa,Europa,basilicus,basiliscus,chersonesos?,canospatos
,albania superior,Albania Superior,media r.,Media,euroauster v.,euroauster,abidos i.,Abidos,lusitania,Lusitania,philistea,Philistea,apulia,apulia,africa,Affrica,are philenorum,are filenorum,sicilia,sicaria
,armenia,Armenia ,africa,Affrica,auster v.,auster,abricatina,Abricatina,galicia,Gallicia,nineveh,Ninive,gens istius insule,gens istius insule,india,India,tabor m.,tabor,gasan,gasan
,persia,Persida,persia,Persia,libonothus v.,austroafricus qui et libonothus,accon,Accaron,terracona c.,Terracona,eudemon,Eudemon,britannia minor,britannia minor,aracusia,Aracusia,auxona fl.,Fl. Auxona,pellicie,pellicie
,hyrcania,Hircania,mesopotamia,Mesopotamia,austroafricus v.,austroafricus qui et libonothus,actia nicopolis,Accia,barcinona,Barcinona,luna,Luna,amazones g.,amasones,parthia r.,parthia,arabia,arabia,triballi,trivalli
,coromarces r.,Regio coro,chaldea,Caldea,africus v.,africus ,achaia,Achaia,hiberis fl.,Yberus,aracusia,Aracusia,atlas m.,mons atlas,assiria,assiria,egyptus superior,egytus superior,astabus fl.,fluvius astabus
,lachis,Lachis,arabia,Arabia,chorus v.,chorus,acrocerauni m.,Acrocerauni,pirenei m.,Mons piereneus,macedonia,Macedonia,francia,francia,persia,persis,mauritania cesariensis,mauritania cesariensis,piperis silva,Siluas pipereas
,antiochia,Antiochia,siria,Syria,boreus v.,aquilo qui et boreus,adanum i.,Adamantus,gallia,Gallia,india,India,agrisus v.,agrisus,indus fl.,indum,enos c.,enos civitas,caria,caria insula
,accon,Arcaron,judea,Judea,aquilo v.,aquilo qui et boreus,adrianopolis,Adrianopolis,aquitania,Aquitania,salerna,Salerna,persepolis,civitas persipolis,tigris fl.,tigrim,pisa,pisa,mecca?,mekesus civitas
,cesarea in palestine,Cesarea Palestine,galilea,Galilea,wulturnus v.,uulturnus,adriaticus s.,Adriaticum,narbona c.,Bracata/Narbona,suthbryttas,Suthbryttas,wallia,wallia,mesopotamia,Mesopotamia,neptalim,neptalim,narbonne,narbona
,chorazin,Corozaim,samaria r.,Samaria,zephirus v.,favonius qui et zephirus,africa,Africa,wasconia,Gasconia,bethlehem,Betleem,anglia,anglia,chaldea,caldea,aquilo v.,aquilo,hydraotes fl.,fluvius pasma
,bethsaida,Betheida,palestina,Palestina,favonius v.,favonius qui et zephirus,africa catharginensis,Africa Carthaginensis,burgundia,Burgundia,antiochia,Antiochia,capadocia r.,capadocia,arabia,arabia,alexandria in egyptus c.,alexandria civitas,compostela,compostrinia
,tiberias,Thiberiadis,frigia,Frigia,sericus mare,Sericus occeanus,africa minor,Africa Minor,neustria,Neustria,sirtes,Sirtes,thasos?,tyrus,euphrates fl.,eufratem,charibidis,caribidis,cabilla,cabilla
,siria,Syria,nicomedia,Nichomedia,scyticus o.,Sciticus occeanus,africa numidiana,Africa Numidiana,flandria,Flandria,ravenna,Ravenna,membriona,menbriona insula,siria,syria,decapolis r.,decapolis regio,circius v.,circius
,nineveh,Ninive,albania,Albania,eous o.,Eous occeanus ,aginno,Aginno,morini,Morini,armenia,Armenia,dalmatia,dalmacia,phenicia,phenicia,zabulon,zabulon,rokesburgia,rokesburgia
,licia,Licia,cyprus,Cypro Insula,caspium mare,mare Caspium,aglos,Aglos,rodanus fl.,Rodanus,dalmatia,Dalmatia,geloni,gelonii,palestina,palestina,rages c.,rages civitas,carnotum,carnocum
,parthan in albania c.,Spartan,armenia,Armenia,taprobana,Taprobana insula plena feris et auibus,agregentum,Agris,renus fl.,Renus,persia,Persidia,pamphilia r.,pamphilia,judea,iudeam,danus fl.,fl. Danius,philli g.,philli
,cyropolis,Ciropolis,creta,Creta Insula,taprobana,Taprobana insula habens ciuitates decem,airoth,Airoth,italia,Italia,taprobana,Tabrobanen,persia,persida,galilea,galileam,calabria r.,calabria,hungari g.,hungari
,carras,Carnis,licaonia,Licaonia,gaulonum i.,Gaulon[a],alania,Alania,tuscia,Tuscia,constantinopolis,Constantinopolim,alania,alania,mediterraneum mare,mare mediterraneum,tuscia,tuscia,aquilo v.,aquilo
,safris,Saphiri,sicilia,Sicilia,gorgades i.,Gorgodes,alba,alba,emilia,Emilia,gad,Gad,caspium mare,mare caspium,scythia,scithia,britannia,britannia insula,reate,reaus
,sarina?,Sarina?,capadocia r.,Capadocia ,hesperidum i.,Esperidum insule,albani,Albani,umbria r.,Ymbria,flumen,Flumen,numidia,numidia,caspium mare,mari caspio,creta,creta insula,massilia,massilia
,jazaron,Iazaron,scythia superiore,Sithia Superiore,fortunate,Fortunate insule,albania,Albania ,sabinia,Sabinia,athena,Athenas,alemannia,alamania,euxinus pontus,euxinum pontum,caspium mare,mare caspium,septentrio v.,septentrio
,nisibi,Nisapi,scythia inferiore,Sithia Inferiore,hibernia,Hibernia,albania superior,Albania superior,campania,Campania,cantia?,Cantia?,perisus v.,perisus,tanais fl.,fluvium tanaim,ypanis fl.,fl. Yppanis,snawedon m.,snawedon
,polibota,Pabibora,hyrcania,Hyrcania,scotia,Scotia,albania inferior,Albania inferior,apulia,Apulia,effraim tribus,Effraim,neapolis,neapolis,amazonia r.,amazonia,crisoroas fl.,fl. Crisoroas,trevirorum,verona
,capadocia c.,Capadocia,jazaron,Thazaron ,thanatos,Tanatos,albanicus o.,Albanicus,grecia magna,Magna Grecia,pannonia,Pannonia,westfalia,wesfalia,albania,albania,euphrates fl.,fl. Eufrates,salzeburg,Salzeburgh
,calcedonia c.,Calcidonia,aracusia,Aracusa ,britannia maior,Anglia insua (sic) que et Britannia maior,albula,Albula,venetia,Venecia,neronorroen,Neronorroen,liguricus s.,ligusticus sinus,hyrcania,hirchania,dan fl.,dan,palerma,palerna
,troia,Troia,meda,Meda,anglia,Anglia insua (sic) que et Britannia maior,alemannia,Alemannia,histria,Histria,siria,Siria,cirene,cirene,bactria r.,bactria,scilla i.,scilla,tadan,cadan
,persepolis,Peliopolis,thesia,Thesia,tile,Tile insula,are alexandri,Alexandri Are,roma,Roma,evilath,Evilath,sestos c.,cestos insula,iberia,hyberia,media inferior,media inferior,termopile,Termopile
,persepolis,Pesiopolis,persepolis,Persepolis,gog et magog,Gog et Magog,castra alexandri,Alexandri Castra,capua,Capua,chaldea,Chaldea,corsica,maior corsica,armenia,armenia,oxus fl.,fl. Oxus,eboracum,Eboracum
,jericho,Iericho,edessa,Edessa,tyle,Tilos insula,columpne alexandri,Alexandri Columpne,lavinia,Lavinia,caucasus m.?,Mons,trachias v.,trachias,capadocia r.,cappadocia,bersabee,bersabee,brucii,Brucii
,bethlehem,Belehem,carras,Carra,crise,Crise insula,alexandria in egyptus c.,Alexandria,jovis m.,Mons Iovis,sclavi g.,Sclavi,galilea,galile,colchos r.,colchos,achaia,achaya,pandea g.,pandea
,jerusalem,Ierusalem,philadelphia,Philadelphia,argire,Argire insula,alpes,Alpes,achaia,Achaia,turchi,Turchi,babilon c.,babilonia,asia minor,asia minor,octogora fl.,octorogorra,minutanda,Minutanda
,azotus,Azotus,antiochia,Antioch ,ferrea,Ferrea insula,alpes gothice,Alpes Gothice,arcadia,Archadia,bithynia,Bithinia,babilonia r.,babilonia,cilicia,cilicia,mauritania sitifensis,mauritania sitifensis,diospolis,Diospolis
,elam,Elam,jerusalem,Jerusalem,stridonis i.,Stridonia,amana,Amana,baioaria,Boioaria,tracia r.,Tracia,libani m.,mons libani,rubrum mare,mare rubrum,armenia,armenia,moesia,Messia
,theodosipolis,Theodosopolis,nazareth,Nazaret,erea,Erea,amandros,Amandros,dalmatia,Dalmacia,mauritania,Mauritania,ligeris fl.,fluvius ligerus,orientalis o.,occeano orientali,transitus hebreorum,transitus hebreorum,corsica,corsica
,asia maior,Asya Maior,sagasta,Sagasta,gorgoneos,Gorgoneos insula,amazonia r.,Amazones,dardania,Dardania,moabite,Moabite,boreus v.,boreas,australis o.,occeanum australem,ethiopia,ethiopia,leucasia,Leocotea
,asia minor,Asya Minor,ascalon,Ascalon,cyprus,Cyprus,ambianis,Ambianis,grecia,Grecia,morenwergas,Morenwergas,provincia r.,provincia,ethiopia,ethiopia,persipolis c.,persipolis civitas,scioena,Scioena
,octogora c.,Octogora,troia,"Ilium, id est Troia",cimericum mare,Cimericum mare,ancona,Ancona,macedonia,Macedonia,lucca,Luca,genolamides,genolamides,ethiope m.,montibus ethiopicis,colonia,colonia,brabancia,brabannia
,hermus fl.,Fluvius Hermes,ilium,"Ilium, id est Troia",euxinum mare,Eusinum mare,andegavis c.,Andegavis,magnesia,Magnesia,isauria,Issauria,tigris fl.,tigris,occidentalis o.,occeanum occidentale,siria celes,celes siria,oterawie,Oterawie
,cintilis fl.,Fluvius Cintilis,bithynia,Bithinia,propontis mare,Propontis,anglia,Anglia,moesia,Mesia,jerusalem,Hierusalem,euphrates fl.,eufrates,egyptus superior,egyptus superior,gansmir,ganzmir,enos c.,enos
,riphei m.,Mons Riphei,parthan in albania c.,Spartum,hellespontus,Ellespontus,ansaga fl.,Ansaga,noricus,Norica,roma,Roma,amazonia r.,amasones,egyptus d.,deserta egypti,cyprus,cyprus,spinx?,pines
,oscobares m.,Mons  Orcatoten,paphos,Paphus,bosphorus,Bosphorus,antiochia,Antiochia,pannonia,Pannonia,capadocia r.,Cappadocia,bragmani g.,bragmanni,libia superior,libia superior,corsica,corsica,patera,Patera
,libani m.,Mons Libani,calcedonia c.,Calcedonia,cyprium mare,Cyprium mare,antopolis,Antopolis,retia,Recia,britannia,Brittania,ethiopia occidentalis,ethiopia occidentalis,egyptus inferior,egyptus inferior,sarmatica r.,sarmathe,notingera,Snotingham
,excelsus m.,Mons Excelsus,creta,Creta insula,asiaticus s.,Asiaticus sinus,anthropophagi,Antropofagi,thessalia,Thessalia,amonite,Amonite,madian,madian,nathabres,ethiopes nadaberes,carmania,carmania,sestos c.,Sestos
,ganges fl.,Ganges,hecatompolis,Centapolis,cilicus s.,Cilicus sinus,apallina i.,Apallina,tracia r.,Tracia,armachus,Archmacanum,gaditanum fretum,gaditanum fretum,garamantes,garamantes,nilus lacus,nilides lacus,patavium,Patavium
,syon m.,Mons Syon,iconium c.?,Niacetum,messicus s.,Messicus sinus,apamia,Apamia,athena,Athenis,wintonia,Wintonia,flandria,flandria,libia cirenensis,lybia cirenensis,sirtes minores,sirtes minores,metis,metis
,dan fl.,Fluvius Dan,syracuse,Syracusana,macedonicus s.,Macedonicus sinus,apollonia c.,Apollonia,maronea,Maronea,ephesus,Ephesus,trogodite,trogodite,tripolitana r.,tripolitana,macedonia,macedonia,kersina,kersina
,jor fl.,Ior,elam,Elam,corinthius s.,Chorinthius sinus,appennini m.,Appennini,danubius fl.,Danubius,attica,Attica,gallicus s.,sinus gallicus,mauritania sitifensis,sitifensis,terracona c.,terracona,scenas,stenas
,torrens cison,Torrens Cedron,asia maior,Asia Maior,illiricus s.,Illiricus sinus,apulia,Apulia,alemannia,Alemannia,scridefinnas,Scridefinnas,gloucester,gloucester,zeugis r.,zeugis,hyrcania,hircania,capadocia r.,capadocia
,stannum,Stannum,asia minor,Asia Minor,liburnicus s.,Liburnicus sinus,aquileia,Aquileia,dacia,Dacia,mesopotamia,Mesopotamia,aquilo v.,aquilo,getulia,getulia,madian,madian,siria,siria
,gennesar l.,Stannum Genesar,susa c.?,Susa?,venetia,Venetia,aquilonalis o.,Aquilonalis,gothia,Gothia,hebron,Ebron,gades,gades,numidia,numidia,libia,libia,argus,argos
,mortuum mare,Mare Mortuum,sebastea in palestina,Sebaste,adriaticum mare,Adriaticum,aquis,Aquis,germania,Germania,jericho,Hiericho,aurea i.,aurea insula,tingitania,tingitania,meroe i.,meroe insula,africa,affrica
,euphrates fl.,Euphrates,archimedon,Archademon,egyptium mare,Egyptium mare,aquitania,Aquitania,hunorum g.,Huni,scythia,Scithia,nicomedia,nicomedia,mauritania,mauritania,calearsem lacus,calearsus lacus,lucca,luca
,tigris fl.,Tigris,susis,Dusis,mirteum mare,Mirteum,ara,Ara,norwegia,Norwegia,bulgari g.,Balgarii,persicus s.,sinus persicus,sirtes,syrtes,horrea josep,horrea joseph,hur,hur
,atlas m.,Mons Athlans,nineveh,Nineve,aegeum mare,Egeum,arab,Arab,lazorum g.,Lazorum Gens,cilicia,Cilicia,ethiopia orientalis,ethiopia orientalis,athlanticum o.,occeanum athlanticum,trogodite,trogodite,sardinia,sardinia
,gorgades i.,Gorgades,babilonia c.,Babilonia magna,ionium mare,Ionium,arabia,Arabia,provincia r.,Provincia,londonia,Lundona,italia,ytalia,africa d.,desertis affrice,illiricum r.,illiricus,fatua,fatua
,are liberi,Are Liberi et Columne Erculis,damascus,Damascus,carpatium mare,Carpatum,eudemon,Arabia Eudemon,scythia,Sithia,dacia,Daria,amonite,amon,daci g.,daci,indus fl.,fl. Indus,bulgari g.,bulgarii
,columpne herculis,Are Liberi et Columne Erculis,bethlehem,Bethleem,pelusium s.,Pelusium,arach,Arach,hippodes,Ypopodes,commagena,Commagena,burgundia,burgundia,gothi g.,gothi,ramesses,ramesse,hibernia,hibernia
,are alexandri,Are Alexandri,capernaum,Capharneum,creticum mare,Creticum,aracusia,Aracusia,hyrcania,Hircania,brigantia,Brigantia,scythia inferiore,sithia inferior,alani g.,alani,piperis silva,silva piperis,madian,madian
,arbor solis,Arbor Solis,tarsus,Tharsis,gallicum mare,Gallicum mare,araris fl.,Arar,panotii,Pannothi,mesina,Mesina,wulturnus v.,wulturnus,gepidi g.,gepidi,retia maior,retia maior,lidia,lidia
,arbor lune,Arbor Lune,azotus,Azotus,liguricus s.,Liguricus sinus,ararat m.,Ararath,taurus m.,Mons Taurus,troia,Troia,oxonium,oxonium,rugi g.,rugi,canopus i.,canopus insula,nevirus,nevirus
,turris babilon?,Turris,egyptus,Egypto,gaditanum fretum,Gaditanum fretum,arausica,Arausica,caucasus m.,Mons Caucasus,hiberia,Hiberia,apris i.,apris,bulgari g.,bulgari,hiberis fl.,fl. Hiberus,messana,mesana
,puteus josep,Puteus Josep,alexandria in egyptus c.,Alexandria,gades,Gades,araxis fl.,Araxis,bactria r.,Bactria,dardania,Dardania,damascus,damascus,hunorum g.,huni vel hungari,india,india,hippo diarrtus,uppus diartus
,arumphei,Arumphei,sithe,Glath,ebusus i.,Ebosus insula,archad,Archad,margiana,Margiana,tyle,Tylen,boemia,boemia,hungari g. ,huni vel hungari,parisius,parisius,hellespontus,hellespontus
,albatia i.,Abatiam,memphis,Memphis,sardinia,Sardinia,arcadia,Archadia,tanais fl.,Fl. Tanais,bizacena,Bizacene,patroticanes,patroticanes,nores g.,nores,jericho,jericho,barcinona,basella
,arca noe,Arca Noe,ethiopia,Etheopia,sicilia,Sicilia,archimedon,Archimedon,octogora i.,Octogorra,cinocephales,Cinocephales,fortunate,insule fortunate,sclavi g.,sclavi,asia minor,asia minor,neutoma,neutoma
,larissa,Larissa,nathabres,Nadaber,corcyra,Corcira,archipoleta lacus,Archipoleta,armenia,Armenia,pavia,Pavia,wandalia r.,wandaly,germania,germania,danubius fl.,danubius,therampnus,erampnus
,constantinopolis,Constantinopolis,cilicia,Cilicia,stripodes,Stripodes,ardennes,Ardenna,bithynia,Bithinia,galilea,Galilea,arcadia,arcadia,alemannia,alemannia,mortuum mare,mare mortuum,lugdunum,lugdunum
,galatia,Galatia,ephesus,Ephesiss,liparis i.,Lyparis,arelatum,Arelatum,capadocia r.,Cappadocia,media r.,Media,femine,femine,gallia,gallia,fortunate,insule fortunate,getulia,getulea
,aquitania,Equitania,catania,Cathinia,fenicus i.,Fenicus,argentora,Argentora,caria,Caria,boreus fl.,Boream,picardia,picardia,aquitania,aquitania,ethiope m.,montes ethiopie,ericusa i.,esisua
,normannia,Normannia,capadocia c.,Capadocia,strongile,Strongile,argus,Argus,frigia,Frigia,isachar,Isachar,ioppe,ioppe,hispania,hispania,galilea superior,galilea superior,duremia,duremia
,burgundia,Burgundia,abidos c.,Abidus,festia,Festia,argire,Argyria,galatia,Galacia,sleswic,Sleswic,sirtes minores,cirtes minores,hellespontus,ellesponto,tyrus,tirus,choos,choos
,lugdunum,Lugdunensis,gangara,Gangaria,chios,Chio,arimaspi,Arimaspi,lama,Lama,babilon c.,Babilonia,fenicea,fenicea,moesia,mysia,mesopotamia,mesopotamia,ratisbona,ratispona
,hispania,Hisspania,padaum c.,Padaum,samos i.,Samos,arumphei,Arimfei,licia,Licia,arabia,Arabia,islandia,yslandie,histria,istria,jaboc fl.,jaboc,tornacus,tornacum
,scythia,Citia,europa,Europa,paros,Paros,ariobaranes m.,Ariobaranes,lixus c.,Lyc',ruben,Ruben,histria,histria,tracia r.,tracia,hispania,hispania,desipea,desipea
,sithe,Citha,grecia,Grecia,terasia,Terasia,armenia,Armenia,paflam g.,Paflag,asher,Asser,favonius v.,favonius,macedonia,macedonia,caspie p.,caspie porte,assiria,assiria
,sarmatica r.,Sarmatica,tracia r.,Tracia,calipso i.,Calipso,armenia inferior,Armenia inferior,pamphilia r.,Pamphilia,alexandria in egyptus c.,Alexandria,mesopotamia,mespotanea,arcadia,archadia,island,island,scotia,scocia
,saxonia,Saxonia,boeotia,Boetia,canopus i.,Canopia,armenia superior,Armenia superior,pontica,Pontica,hibernia,Hibernia,germania,germania,hellada,ellada,prochenissa i.,insula prochenissa,austerafricus v.,austeraffricus
,grecia,Grecia,achaia,Achaia,rodus,Rodus,arsinoe,Arsinoe,teutonica,Teutuna,histria,Histria,aradia i.,aradia insula,thessalia,tessalia,rapharrica i.,rapharrica insula,hiberia,thiberia
,achaia,Adchaia,dardania,Dardania,choos,Choos,artobatitis,Artabaite,troia,Troia,taurus m.,Taurini Montes,hermifrodites,hermifrodites,achaia,achaia,roma,roma,metus,metus
,norwegia,Norwegia,dalmatia,Dalmatia,pathmos,Pathmos,avernia r.,Arverni,saxonia,Saxonia,taurus m.,Mons Taurus,libia cirenensis,libia cirensis,dalmaticus s.,sinu dalmatico,constantinopolis,civitas constantinopolis,theode,theode
,ruscia,Ruscite,lacedemonia r.,Lacedomonia,colchos i.,colchos,avernis c.,Arvernus,scanzia,Scanzia,orcades i.,Orcades Insula,nivaria i.,nibaria insula,alpes,alpes,alpes,alpes,augustudunus,augustudunum
,slavenia occidentalis,Sclaveni Occidentalis,thessalia,Thessalia,cyprus,Cyprus,ascalon,Ascalon,sclavi g.,Sclavi,phison,Fison Flumen,adriaticum mare,mare adriticum,campania,campania,acesines fl.,fl. Acesines,luna,luna
,hyperborea g.,Iperboria,thessalia minor,Thessalia Minor,creta,Creta insula,asia,Asia,suevia,Suevia,leones,Leones,ferrea,ferrea insula,apulia,appulia,veneticum mare,mare veneticum,augusta,augusta
,britannia minor,Bri[ttany],italia,Ytalia,ganges fl.,Ganges fl.,asia maior,Asia maior,wandalia r.,Wandali,colchorum r.,Colchorum Provincia,tyrus,tyrus,tuscia,tuscia,persicus s.,sinus persicus,fardin,fardin
,hungaria,Hungaria,apulia,Apulia,indus fl.,fl. Indus,asia minor,Asia minor,cilicia,Cilicia,cartago in africa,Cartago Magna,tuscia,truscia,liguria,liguria,magontia,magontia,candaber,candaber
,macedonia,Macedonia,campania,Campania,tigris fl.,fl. Tigris,asiaticum mare,Asiaticum,siria,Siria,gog et magog,Gog et Magog,hyperborea g.,gens yporborea,italia,italia qui est latium,antiochia,antiochia civitas,autisiodorum,autisiodorum
,dalmatia,Dalmatia,galicia,Galecia,hydaspis fl.,fl. Idaspis,aspides,Aspides,phenicia,Phenicia,getulia,Getule,colax i.,colax,latium,italia qui est latium,media superior,media superior,ilerria,ilerria
,sicilia,Sisilia,hispania,Hyspania,araris fl.,fl. Arbis,assiria,Assyria,palestina,Palestina,armenie m.,Montes Armenie,baleares s.,sinus baliaris,umbria r.,umbria,tile,tiles insula,sclavi g.,sclavi
,creta,Creta,wasconia,Wasconia,euphrates fl.,Fl. Eurfrates,astrixis m.,Astrixus,galilea,Galilea,dimidia tribus manasse,Dimidia tribus Manase,ethiopia i.,ethiopia insula,tirenus s.,tirrenum sinum,pirenei m.,mons pireneus,veredunus,vendum
,calipso i.,Calipso,aquitania,Aquitania,euxis fl.,Fl. Euxis,athandros,Athandros,judea,Iudea,ethiope d.,Ethiopica Deserta,moab,moab,pirenei m.,montes pireneos,cinocephales,cynocephales,sercles,sercles
,mare,Mare,pictavia r.,Picatuia,jordanis fl.,Iordanis,athena,Athene,philistea,Philistea,asia minor,Asia Minor,garamantes,garamantes,alpes gothice,alpes cotia,triton fl. ,fl. Triton,eurusnothus v.,eurusnothus
,barcinona,Barcinona,neustria,Neustria,araxis fl.,fl. Araxis,atlas m.,Athlas m.,idumea,Ydumea,decusa,Decusa Civitas,idumea,ydimea,appennini m.,montem appenninum,mauritania tingitana,mauritania tingintania,noviomus,novicum
,terracona i.,Teracona,francia,Francia,boreus fl.,fl. Boreus,atrebatum,Atrebatum,arabia,Arabia,grifes,Griphorum gens,cornubia,cornubia,longobardia,longobardia,retia minor,retia minor,constantinopolis,constantanopolis
,parisius,Parisius,alemannia,Allemannia,tanais fl.,fl. Tanais,attica,Attica,saba ethiopia,Saba Ethiopie,hesperus m.,Mons Isperus,troga,troga,valeria,valeria,italia,italia,norwegia,noreya
,bolonia ,Bolonia ,saxonia,Saxonia,caligardamana m.,Caligardamana promontorium,avenna m.,Avenna,moab og. basan,Moab Og. Basan,barcinona?,Barcimina Civitas?,jericho,ierico,caligardamana m.,caligardamara,hellespontus,hellespontus,cornicularia,nilaca
,colonia,Colonia,dacia,Dacia,maleus m.,mons Maleus,augusta,Augusta,thalassa,Thalassar,libia ethiopes,Libia Ethiopum,jerusalem,ierusalem,samara m.,samara,gallia belgica,gallia belgica,puteolis,puteolis
,roma,Roma,suevia,Sucia,taurus m.,mons Taurus,augustudunus,Agustudunus,mesopotamia,Mesopotamia,danubius fl.,Danubius Fluvius,wigorna,wigorna,scythie m.,montes scythie,atlas m.,mons mons athlas,aurelianis,aurelianum
,saale,Ala,gothia,Gotia,libani m.,mons Libanus,aulon cilicus,Aulon Cilicus,babilonia r.,Babilonia,calearsem lacus,Lacus Calearsem,taurus m.,mons Taurus,immatius m.,immatius,sicilia,sicilia,sirmium,sirinum
,phison,Phison,bulgaria,Bulgaria,sina m.,mons Synai,aulona,Aulona,chaldea,Chaldea,eraclea in africa,Aniclea,campania,campania,caucasus m.,caucasus,histria,histria,beritus,beritus
,danubius fl.,Danubius,wandalia r.,Wandalia,ararat m.,Ararath montes Armenie,aureus m.,Aurei,aracusia,Aracusia,eraclea in asia minor,Aniclea,londonia,londonium,parapanisades m.,parapanisades,hibernia,hibernia,tudertina,tudertina
,volga fl.,Olcus ,germania,Germania,caucasus m.,mons Caucasus,aurelianis,Aurelianis,assiria,Assiria,malva fl.,Fluvius Malva,libia,libia,taurus m.,taurus,fernus fl.,fernus fl.,meotides paludes,paludes
,suevus m.,Mons Suevus,pannonia,Pannonia,acrocerauni m.,Acrocerauni,auseium,Auseium,parthia r.,Parthia,gentes xliii,Gentes XL III,saxonia,saxonia,oscobares m.,oscobares,amorrei,amorrei,carnotum,carinicum
,hibernia,Ibernia,moesia,Messia,ariobaranes m.,Ariobarzanes,australis o.,Australis,media r.,Media,pentapolis,Pentapolis,campes i.,campes insula,parthau m.,partau,albania,albania,sobas,sobas
,britannia,Britannia,gallia belgica,Gallia Bellica,memarmoli m.,Memarmoli,austria,Austria,persia,Persida,ethiopes g.,Ethiopes,auster v.,auster,memarmoli m.,memarmoli,cartago,katago,tubalus,tubalus
,cornubia,Cornubia,britannia,Britannia Maior,oscobares m.,Oscobares,autisiodorum,Authisiodorus,carsinia,Carsinia,ypanis fl.,Flumen Ypanis,turringia,turringia,ariobaranes m.,ariobarranes,nubie m.,montes nibie,vivencium,vivencium
,wallia,Walni,belgis c.,Ciuitas Belgis,timavus m.,Timauus,axona fl.,Axona,ophir,Ofir,egyptus superior,Egiptus Superior,norwegia,nortwegia,acrocerauni m.,acroceraunus,albatia i.,albatia,lampsacus,lamascus
,scotia,Scocia,hibernia,Hybernia,caspie p.,Porte Caspie,aves,Aves fulgore perspicue,india,India,gangines ethiopes,Gangines Ethiopes,tracia r.,thrace,parchoatras m.,parchoatra,templum jovis,templum iovis,colestria,Colcestria
,nathabres,Mathabres,scotia,Scotia,bactria c.,Bactriani,azotus,Azotus,egyptus superior,Superior Egyptus,septem montes,VII Montes,riphei m.,montes riphei,borea,borea,galicia,galicia,bizas i.,bises
,zeugis r.,Zeugis,norwegia,Norwegia,india,India que finem facit,babilon c.,Babilon,egyptus inferior,Egiptus inferior,nilus,Flumen Nilus,wintland,witland,riphei m.,riphei montes,frisones g.,fresones,scythia,scythia
,getulia,Getulia,libia,Libia,cathmorum,Cathmorum gens optima,babilonia r.,Babilonia,alexandria in egyptus c.,Alexandria,egyptus inferior,Egiptus Interior,chaldea,caldea,ararat m.,arath,terracona i.,terraconta insula,gallipolis,callipolis
,ethiopia,Ethiopia,cirene,Cirene,enoch,c. Enoch,bactria r.,Bactria,babilon c.,Babilon,cumri?_camri?,Cumri_Camri?,ciophegi,ciophegi,libani m.,libanus,pannonia,pannonia,flaminia,flammin
,egyptus,Egyptus,ethiopia ulterior,Ethiopia ulteriore,columpne alexandri,columpne Alexandri,bactria c.,Bactriani,meroe i.,Meroen,neptalim,Neptalim,circius v.,circius,arabia,arabia,paradisus,paradisius,cotonia,cotonia
,alexandria r.,Prov. Lexandria,saba,Saba,nisa,c. Nisan,bactrus fl.,Bactrus,garamantes,Provinica Garamantum,nilus immergit,Hic arenis Nilus immergitur,deram,deram,niseus m.,niseus,sina m.,mons sina,cunwey,cunwey
,geon fl.,Geon,zeugis r.,Zeugi,polibota,c. Palibotra,bagrada fl.,Bagrada,sirtes maiores,Sirtes maiores,climax m.,Mons Clinax,babel,babel,arabica d.,deserto arabie,cesarea in palestine,cesarea,bithynia,binnia
,mauritania,Mauritania,cartago in africa,Kartago,heriforum,c. Eriforum,baioaria,Baioaria,cirene,Cyrenaica,atlas m.,Mons Athalantis,estalatine,estalatine,fasga m.,mons phasga,pterophoron,apterofon,stripodes,stripodes
,damietta,Damiete,numidia,Numidia,carra,c. Carra,baiogas c.,Baiogas,libia,Lybia,meotides paludes,Meotides Paludes,syon m.,mons syon,scorpion m.,mons scorpion,sefar m.,mons sefar,macedonia,macedonia
,saltabri,Saltabri,hippo c.,Ippone,nineveh,c. Niniue,baleares i.,Baleares,getulia,Getulia,tanais fl.,Tanae Flumen,parisius,parisius,sina m.,mons syna,africa,affrica,islandia,ysland
,pelusium c.,Pelusium,getulia,Getulia,ctesiphon,c. Ectesifon,balearicum m.,Balearicum,occidentalis o.,Oceanus occidentalis,libia ethiopes,Libia Aethiopum,libia libia v.,libia libia,horeb m.,mons hor,galilea inferior,galilea inferior,dardania,dardania
,daphnai,Tapnis,tingitania,Tingitanea,archimedon,c. Archimedon,maiorca,Balearis maior,septentrion o.,Oceanus spetentiron,sina m.,Mons Sina,ascalon,ascalon,abarim m.,mons abarim,amanus m.,mons amanus,perusium,perusium
,alexandria in egyptus c.,Alexandria,tingis,Tingis,edessa,c. Edessa,minorca,Balearis minor,scyticus o.,Occeanus sciticus,libia cirenensis,Libia Cirinaria,lincolina c.,lincolina,idumea,idumea,tanais fl.,fl. tanais,ebredunum,ebredunum
,memphis,Memphis,mauritania,Mauritania,babilon c.,c. Babilon,bar,Bar,orientalis o.,Occeanus orientalis,hesperia c.,Hisperidum,scotia,scocia,seyr m.,mons seyr,tiberis fl.,fl. Tiberis,leugas,leugas
,babilonia r.,Babilonia,cesarea in palestine,Cesarea,adrianopolis,c. Adrianopolis,barcinona,Bacinola,euxinus pontus,Euxinus Pontus,tribus zabulon,Tribus Zabulon,wasconia,vasconia,judea,iudea,troia,troia,bononia francia,bononia
,heliopolis,Oliopolim,ethiopia occidentalis,Ethiopia Occidentalis,arca noe,archa Noe,basidim,Basidim,meotides mare,Mare Meotis,riphei m.,Montes Ripam,pharici,farici,hermon m.,mons hermon,tigris fl.,fl. Tigris,bituris c.,biturrica
,phison,Phison,gades,Gades,seleucia in siria,c. Seleucia,basilea c.,Basilia,tyle,Thyle,meroe i.,Meroen Insula,labro prominente g.,gens labro prominente,carmelus m.,carmelus,umbria m.,mumbara,listra,listra
,garema,Garema,atlas m.,Mons Athlas,lauditia c.,c. Lauditia,basilicus,Basiliscus,hiberus i.,Hiberus,danaper fl.,Danaper Flumen,isauria? licia?,provincia ysauriea? Lycia?,gelboe m.,mons gelboe,moesia,moesia,wasconia,gasconia
,cartago in africa,Cartago,ethiopia orientalis,Ethiopia Orienatalis,antiochia,Antiochia,batavia,Batavi,hibernia,Hybernia,dara fons,Fons Dara,scythia superiore,sithia superior,thessalia,thessalia,padus fl.,padus,basilea c.,basel
,nilus,Nilus,roma,Roma,temiscerii campi,Temiscerii campi,berenice p.,Besime portus,anglia,Anglia,zeugis r.,Zugis regio,franconia,franconia,olympus m.,olympus,corinthus c.,corinthia,roucestria,roucestria
,meroe i.,Meroe,burdigala,Burdeles,decusa,c. Decusa,belvagus,Belvagus,scotia,Scocia,pentapolis,Pentapolis,mauretania superiore,mauritania superior,pindus m.,pindus,ganges fl.,fl. Ganges,armenia,armenia
,monasterium sancti petri,Monasterium Sancti Petri,londonia,Londonia,cesarea philippi,c. Cesarea Philippi,beneventum,Beneventum,india ultima,India ultima,arca noe,Arca Noe,euroauster v.,euro auster,ossa m.,ossa,judah,iuda,alpes,alpes
,horrea josep,Orrea Iosep,cantuaria,Cantuaria,nazareth,c. Nazareth,berenice in libya c.,Berenice,phenix,Phenix,fasga m.,Mons Fasga,meotides paludes,meotides palus,focida,focida,elamite,elamite,rithymna,in rima
,berenice in libya c.,Beronice,dublina,Dublina,capernaum,c. Capharnaum,beroe,Beroe,africa,Affrica,gaulolum g.,Gentes Gaulolum,transitus hebreorum,transistus ebreorum,parnassus m.,parnassus,alemannia,alemannia,corinthus c.,corinthus
,terra arenes et sterilis,Terra arenes et sterilis,armachus,Armachus,nicomedia,c. Nichomedia,bethania,Bethania,zeugis r.,Zeugetana,tribus dan,Tribus Dan,arabia,arabia,citherus m.,citherus,arnon c.,arnon,anglia,anglia
,are philenorum,Are Philonorum,sancti andree,Sancti Andree,tyrus,c. Tyrus,bethel,Bethel,bizantium,Bysancea,tarsus,Tharso Ciliciae,psambari,prosumbari,helicon m.,elicomus,arnon fl.,arnon,phison,phison
,columpne herculis,Columpne Herculis,,,ioppe,c. Ioppe,bethlehem,Bethleem,numidia,Numidia,neptalim,Neptalim,euxinum mare,mare eusinum,euboea,euboea,asher,aser,rodus,rodos
,transitus hebreorum,[Transitus Israelis],,,jerusalem,c. Ierusalem,bethoron,Bethoron,mauritania cesariensis,Mauritania cesariensis,salinarus lacus,Lacus Salinaruus,nothus v.,nothus,parchenius m.,parchenius,anthropophagi,anthropophagi,anthropophagi,anthropophagi
,pirenei m.,Mons Pireneus,,,bethlehem,c. Bethleem,bethsaida,Bethsaida,mauritania tingitana,Mauritania tingitana,super ardens m.,Mons Super Ardens,eliothes v.,eliothes,grecia,grecia,dan fons,fons dan,pharsalus?,parchadus
,rubrum mare,[Mare Rubrum],,,jericho,Iericho,baetica,Betica,ethiopum terra,Terra Ethiopum,aureus m.,Mons Aureus,hibernia,ybernia,sicilia,sicilia,hister fl.,fl. Hister,passaidie,passande
,persicus s.,[Sinus Persicus],,,seres c.,c. Seres,baetis fl.,Betis,ethiope d.,Deserta Ethiopie,albanorum r.,Albanorum Regio,alpes godard,alpes godard,athos m.,athos,hydaspis fl.,fl. Ydaspis,armenia,armenia
,nubie m.,[Montes Nubie],,,safris,uicus Safrim,birete,Birete,cartago in africa,Cartago,olympus m.,Mons Olimpus,parthia r.,partya,etna m.,ethna,libani m.,m. libanus,calcedonia c.,calcidonia
,alpes,[Alpes],,,hyrcania superior,Hircania superior,bithynia,Bithinia,septem m.,Septem montes,hispania citerior,Ispania Citerior,ophir?,orife insula,alpes gothice,alpes iulie cotie,ligeris fl.,liger fl.,bathe,bathe
,murus alexandri,[Murus Alexandri],,,sarmathana c.,c. Sarmathana,bituris c.,Bituris,ponticum mare,mare ponticum,gilead m.,Mons Galaad,malva fl.,malva,licabantus m.,licabantus,maximus lacus,lacus maximus,andropolis,andropolis
,paradisus,[Paradisus],,,catippi c.,c. Catippi,bituriges r.,Bituiges,brachium georgicum,Brachium Georgicum,manasse,Mannase,egyptus,egiptus,soluris m.,solurius,hippo r.,yppone regium,nubii g.,nibei
,amyctreae,[Amyctreae],,,alexandria in scythia c.,c. Alexandria,bizacium c.,Bizachium,macedonicum mare,Mare Macedonicum,tingis,Tingis metropolis,notingera,notyngera,calpes m.,calpes,cotonare p.,cotonare portus,osca,osca
,ora conserta g.,[Gens Ora Conserta],,,armenia superior,Armenia superior,bizantium,Bizantium,adriaticum mare,Mare Adriaticum,hunorum g.,Hunorum gens,oliveti m.,mons oliveti,atlas m.,athlas,ascalon,ascalon,edenburgh,edenburgh
,monoculi,[Monoculi],,,hiberia,Hiberia ,bizacena,Bizazena,tyrenum mare,Mare Tyrenum,arabica d.,Arabica deserta,sina m.,mons syna,ganges fl.,ganges,bethlehem,bethleem,weccla,weccla
,marmini,[Marmini Ethiopes],,,hyrcania inferior,Hircania inferior ,blemmye,Blemii,thatanna,Thatanna,cesarea philippi,Cesarea Philippi,monoculi,monocollus,hydaspis fl.,idaspes,rothomagum,roem,pomponiana,pomponiana
,blemmye,[Blemmye],,,albania superior,Albania superior,boeotia,Boetia,mavania,Mavania,parthau m.,Mons Farthau,carent linguis g.,gentes carent linguis,indus fl.,indus fl.,germanicus s.,sinus germanicus,syene,syene
,oculos in humeris,[Oculos in humeris],,,amazonia r.,Regio Amazonum ,bogdada,Bogdada,mona,Mona,caspium mare,Mare Caspium,austerafricus v.,auster affricus,araris fl.,araris,amazonia r.,amazonia,pergen,Pergen Pansius
,trogodite,[Trogodite],,,are alexandri,are Alexandri,bonacon,Bonachus,orcades i.,Orcades,sicilia,[sicilia],columpne herculis,columpne herculis,bactrus fl.,bactus,lucania,lucania,phanesii,phanesii
,artobatitis,[Artobatitis],,,meotides paludes,Meotide paludes,bononia francia,bononia,albatia i.,Albacia,borei promontorium,[promontori borei],septentrio v.,septentrio,nilus,nilus,arabica d.,arabica deserta,lincolina r.,Lindeseya
,psambari,[Psambari],,,hyrcania silva,Hicania silua,bononia italia,Bononia,octogora c.,Octosgorra,columpne herculis,[columpne herculis],jordanis fl.,iordanis,jordanis fl.,iordanis,minorca,minorga,subsolanus v.,subsolanus
,cinocephales,[Cynocephales],,,arumphei,Arimphei,boreus fl.,Boreus,samara m.,Samara,nili fons,[fons nili],oriens,oriens,cidnus fl.,cignus,mene i.,mene insula,frigia,frigia
,sine naribus,[Sine naribus],,,ypanis fl.,fl. Ypanes,boreus c.,Boreus,colchos c.,Cholchos,transitus hebreorum,[transitur hebreorum],assiria,asyria,araxis fl.,araxis,cimericum mare,mare cimericum,apollonia c.,appollonia
,phanesii,[Phanesii],,,lemannus fl.,fl. Lemannus,bosphorus,Bosforus,solis i.,Insula solis,,,accon,civitas acon,scythia inferiore,scythia inferiori,frigia,frigia,strongile,strongile
,anthropophagi,[Anthropophagi],,,dravus fl.,fl. Drabo,bosos,Bosos,taprobana,Taprobana insula,,,bononica i.,bononica insula,pactolus fl.,pactolus,sidon c.,sidon,calipso i.,calippso
,auster v.,Auster vel Nothus,,,savus fl.,fl. Sabo,bracara c.,Bracara,argire,Argire,,,numidia,nyundia,hermus fl.,hermus,triton lacus,lacus,nucaria,nucaria
,septentrio v.,Ventus Septentrionalis,,,strimon fl.,fl. Strimon,bragmania r.,Bragmania,canaria i.,Canaria,,,rubrum mare,mare rubrum,hebrus fl.,hebrus,catabathmon m.,mons catabathmon,telmel,telmel
,subsolanus v.,Subsolanus,,,danubius fl.,fl. Danubius,bragmania c.,Bragmania,nibaria,Nibaria,,,pruscia r.,pruscia,eurotas fl.,eurotas,oriens,oriens,cestria,cestria
,zephirus v.,Ventus Zephirus,,,tiberis fl.?,fl. Ty[?],bragmani g.,Bragmani,junonia,Iunonia,,,sancti jacobi c.,sancti iacobi,inachus fl.,inachus,isachar,ysachar,sestos c.,sertos
,euronothus v.,Ventus Euronothus,,,renus fl.,fl. Renus,brigantia,Brigantia,brionia,Brionia,,,sirtes maiores,cirtes maiores,herimantus fl.,erimanthus,jor fons,fons ior,chorus v.,chorus
,aufricanus v.,Ventus Aufricinus,,,rodanus fl.,fl. Rodanus,britannia,Britannia,gorgades i.,Gorgodes,,,ethiopes arabea g.,gens arabea ethiops,sperchius fl.,sperchius,jerusalem,ierusalem,yampnia,iampnia
,eurus v.,Ventus Euro,,,theodosia,c. Theodosia,britannia minor,Briannia minor,beata,Beata,,,siria,syria,padus fl.,padus,geon fl.,fl. Gion,ambari,ambari
,wulturnus v.,Ventus Wulturnus,,,alania,Alania,britannicum m.,Britannicum,columpne herculis,Columpne Herculis,,,arumphei,arimphei,tiberis fl.,tyberis,aureus m.,aurei montes,wallia,wallia
,circius v.,Ventus Circius,,,cersona,c. Cersona,britannicus s.,Britannicus,gades,Gades,,,calvarie m.,mons calvarie,danubius fl.,danubius vel ister,pictavia r.,picatvis,venetia,venicia
,aquilo v.,Aquilo,,,scythia inferiore,Scitia inferior,brucii,Britia,liparis i.,Liparis,,,grecia,grecia,hister fl.,danubius vel ister,hyperborea g.,gens yperborea,bactria r.,bactria
,libonothus v.,Libonothus,,,constantinopolis,c. Constantinopolis,brixia,Brixia,maiorca,Maiorica,,,dacia,dacia,renus fl.,renus,gallicus fl.,fl. Gallacus,auster v.,auster
,chorus v.,Ventus Corus,,,ransburg,c. Ransburg,brixon fl.,Brixon,minorca,Minorica,,,capua,capua,rodanus fl.,rodanus,tracia r.,tracia,fauni,fauni
,nothus v.,Auster vel Nothus,,,eraclea in boeotia,c. Eraclea,brundisium,Brundusium,sicilia,Sicilia,,,sicilia,sicilia,mosa fl.,mosa,egyptus inferior,egiptus inferior,craculus,craculus
,,,,,beroe,c. Beroe,brucii,Bruttii,corsica,Corsica,,,saba,saba,sequana fl.,sequana,garonna,fl. Garunna,turonis,turonis
,,,,,larissa,c. Larissa,burdigala,Burdegala,poncia,Poncia,,,cessias i.,cessias insula,ligeris fl.,ligeris,chobar fl.,fl. Cobar,aquisgranum,Aquisgranum
,,,,,lorum,c. Lorum,burgundia,Burgundia,creta,Creta,,,parnias v.,parnias,hiberis fl.,hyberus,letheus fl.,lethon fl.,ostricius,ostricius
,,,,,corinthus c.,c. Chorintus,burgundiones,Burgundiones,naxos,Naxo,,,tile,thilos insula,galicia,gallitie,maiorca,maiorga,india,india
,,,,,athena,c. Athene,cabilones,Cabilones,rodus,Rodus,,,capria i.,insule caprarie,mineus fl.,mineus,cardia c.,cardia,salumias,salem
,,,,,dirracium,c. Dirracium,cadurx,Cadurx,tenedos i.,Insula Tenedos,,,subsolanus v.,subsolanus,cartagena r.,Kartaginis,gilead m.,mons galaad,petra,petra
,,,,,thebe in boeotia,c. Thebe,calabria r.,Calabria,paradisus,Paradisus,,,arsida,arsida insula,tagus fl.,tagus,rinocorua fl.,rinocorua,babilon c.,babilonia
,,,,,bononia italia,Bononia,calaminica,Calaminica,antipodes,Antipodes,,,pictavia r.,pictavia,bagrada fl.,bagrada,rinocorua c.,rinocorua,burdigala,burdegala
,,,,,mediolanum,c. Mediolanum,chalearsus lacus,Calcarsus,plaga australis,Plaga australis,,,pigmei,pigmei,taprobana,taprobane,campania,campania,edissa i.,edissa
,,,,,italia,Italia,calcedonia c.,Calcedonia,zona australis frigida,Zona australis frigida,,,moesia,misea,tyle,tyle,andegavia r.,andagavis,cocadrillos,cocadrillus
,,,,,roma,c. Roma,calipso i.,Calipso,zona fervida inhabilitabilis,Zona fervida inhabilitabilis,,,hyrcania,hyrcania,argire,argira,propontis mare,mare propontidis,hyperborea g.,yperborei
,,,,,ravenna,Rauenna,calpes m.,Calpe,occeanus filiis adae incognitus,Occeanus filiis Adae incognitus,,,galatia,gallacia,crise,crisa,numidia,numidia,junonia,iunonia
,,,,,gallia,Gallia,cameleopardus,Cameleopardus,,,,,hungaria,hungaria,mediterraneum mare,mari magno,cyclades,cyclades insule,panisus,panisus
,,,,,magontia,c. Magontia,cameracus,Cameracus,,,,,tyle,Tile insula,phaneriorum i.,phaneriorum,colchos r.,cholcos,gansmir,gansmir
,,,,,normannia,Normannia,campania,Campania,,,,,palestina,palestina,albatia i.,albatia,hesperus m.,mons hisperus,nisa,nisa
,,,,,rothomagum,c. Rotomagus,campi c.,Campi,,,,,cyclopes g.,culopes,hyperborea i.,iperborea,bactria r.,bactria,africus v.,affricus
,,,,,belvagus,c. Beluacus,canaria i.,Caninaria,,,,,sirtis,cirses,apallina i.,apolitana,rodanus fl.,fl. Rodanus,glestonia,glestonia
,,,,,remis,c. Remis,canopus i.,Canopia,,,,,northampton,northampton,gangavia i.,gangavia,brucii,brucii,flandria,flandria
,,,,,lugdunum,c. Lugdunum,catabathmon m.,Cantabathmon,,,,,mortuum mare,mare mortuum,glosaria i.,glosaria,norwegia,noreya,cenomanis,cenomanum
,,,,,arelatum,c. Arelatum,cantabria,Cantabria,,,,,retia,rethica,norimannia i.,norimannia,rodus,rodos,liparis i.,lipara
,,,,,provincia r.,Prouintia,cantabricus s.,Cantabricus,,,,,sidissay ,civitas sidissay,orcades i.,orchades,benjamin,beniamin,mesopotamia,mesopotamia
,,,,,burdigala,c. Burdegala,capernaum,Capharnaum,,,,,bithynia,bithinice,tile,tile,simeon,simeon,stopcemes i.,stopcemes
,,,,,aquitania,Aquitania,capadocia c.,Cappadocia,,,,,sirtes,cirtes,scotia,scotia,nubie p.,porte nibie,leuctrae,leustree
,,,,,hispania,Hispania,capadocia r.,Cappadocia,,,,,getulia,getulia,britannia,britannia,noricus,noricus,wircester,wircester
,,,,,cesar augusta c.,c. Cesaraugusta,capria i.,Capria,,,,,normannia,normannia,hibernia,hybernia,bizacena,bizacena regio,tripolitana r.,tripolitana
,,,,,cordoba,c. Corduba,capsa colim,Capsa Colim,,,,,helles fl.,ellodia,fortunate,insule fortunate,ardens m.,mons ardens,licaonia,licaonia
,,,,,archipoleta lacus,Archipoleta lacus quem Nilus ingreditur,capua,Capua,,,,,ora conserta g.,gentes habent ora conserta,hesperidum i.,insule hesperidum,orcades i.,orcades,tigris fl.,tigris
,,,,,nilus emergit,hinc Nilus emergit,cariz m.,Carais,,,,,selandia,selandia,gorgades i.,insule gorgades,apulia,apulia,brema,brema
,,,,,bagrada fl.,fl. Bagrada,caralitani,Caralitani,,,,,pathmos,pathmos,gaulonum i.,insula gauleum,damascus,damascus civitas,arimaspi,arimaspi
,,,,,ansaga fl.,fl. Ansaga,caria,Caria,,,,,amalach r.,regio amalech,ictiofagorum i.,insula ictiofagorum,dravus fl.,drava,achillea,achillea
,,,,,dara fl.,fl. Dara,carmea,Carmea,,,,,turris in macedonia,turre macedonia,adanum i.,adamus,babel,babel,paretonium,paretonium
,,,,,nuchul fl.,fl. Nuchul qui et Nilus,carmelus c.,Carmelus,,,,,eurus v.,eurus graece,coneus i.,coneus,sardinia,sardinia,dirracium,duracium
,,,,,nilus,fl. Nuchul qui et Nilus,carmelus m.,Carmelus,,,,,renus fl.,renus fluvius,malichu i.,malicus,acheron fl.,fluvius acheron,dobera,dobera
,,,,,astrixis m.,mons Astrixis,carnotum,Carnotum,,,,,suevia,suevia,gades,gades,mosa fl.,mosel,eleusia,eleusia
,,,,,atlas m.,mons Athlas,carpatium mare,Carpaium,,,,,nilus,nilus,baleares i.,baleares,longobardia,longobardia,tracianopolis,tracianopolis
,,,,,lupus  cornutus,lupus cornutus,carpatos i.,Carpatos,,,,,bizantium,byzancium,stricades i.,stricades,nisa,nisa civitas,hyrcani g.,hircani
,,,,,leo,leo,carra,Carra,,,,,egyptium mare,mare egiptiacum,sardinia,sardinia,sirtes maiores,sirtes maiores,consentium,sonfenca
,,,,,simie,simie,cartago in africa,Carthago,,,,,corsica,corsica,corsica,corsica,danorum et saxanum terminus,terminus danorum et saxanum,accon,acaron
,,,,,serpentes,serpentes,carthagensis mare,Carthaginense,,,,,cyprus,cyprus,cephalonia i.,cephalina,iturea r.,iturea et traconitidis regio,salodorum,salodorum
,,,,,coluber mire longitudinis,coluber mire longitudinis,caspie p.,Caspie Porte,,,,,frisia,friscia,cyclades,ciclades,traconitidis r.,iturea et traconitidis regio,nicomedia,micomedia
,,,,,prester,prester,caspium mare,Caspium,,,,,albania,albania,rodus,rodos,europe et affrice terminus,terminus europe et affrice,elamite,lamite
,,,,,ethiopie d.,Ethiopum deserta loca ,caspius m.,Caspius,,,,,aquitania,aquitania gallia,tenedos i.,tenedos,taprobana,taprobana insula,zazintus i.,zazintus
,,,,,monasteria monachorum egyptiorum,monasterium monachorum Egypti,catalonia,Cathalaunus,,,,,eboracum,eborum,carpatos i.,carpathos,effraim m.,effraim et dimidia tribus manasse,gangines g.,gangines
,,,,,egyptus d.,Egyptiaca deserta,cathmorum,Cathmi,,,,,brabancia,brabancia,citherea i.,cythera,dimidia tribus manasse,effraim et dimidia tribus manasse,vulcano i.,hiera
,,,,,meroe c.,Meroe c.,caucasus m.,Caucasus,,,,,danubius fl.,danubius fluvius,cyprus,cyprus,sancti antonii monasteria,monasteria Sancti Antonii,persia,persida
,,,,,castra alexandri,castra Alexandria,cedar,Cedar,,,,,euronothus v.,euro nothus,sidon i.,sidon,ruben,Ruben et Gad et dimidia tribus Manasseh,capileus,capileus
,,,,,paretonium,c. Paretonium,cenneret,Cenereth,,,,,tripolitana r.,tripolitana,creta,creta,gad,Ruben et Gad et dimidia tribus Manasseh,lesbos i.,lesbos
,,,,,sirtes,syrtes,cinocephales,Cenocephali,,,,,india ultima,ultima india,pathmos,pathmos,dimidia tribus manasse,Ruben et Gad et dimidia tribus Manasseh,saba,saba
,,,,,are philenorum,are Philenorum,cenomanis,Cenomannis,,,,,cilicia,silisia,chaldea,caldea,sabaria sancti martini,sabarria civitas Sancti Martini,charax,carax
,,,,,tuburbis,c. Tuburbis,centumcellis,Centumcellis,,,,,hanaldia,hanaldia,babilon c.,babylon,fialus fons nili,fialus Fons Nili,albani,albani
,,,,,cartago in africa,c. Cathargo,cerastes,Cerastes,,,,,libonothus v.,libonothus,assiria,assiria,nilus immergit,hic mergitur Nilus,eonee i.,eonee insule
,,,,,bizacium c.,c. Bizatium,ceronia,Ceronia,,,,,anthropophagi,androfagi,nineveh,ninive,dacia,dascia et russia,philenorum are,aree philenorum
,,,,,hippo r.,Yppo Regium,cersona,Cersona,,,,,africa,affricus,india,india,ruscia,dascia et russia,ethiope m.,montes ethiopie
,,,,,septem oppidum,c. Septem oppidum,cervi,Cervi,,,,,zephirus v.,epherus,nisa,nisa,grifes,griffe,taprobana,taphana
,,,,,lixus c.,c. Lix,cesar augusta c.,Cesaraugusta,,,,,soldanus tarsie,soldanus tarsie,media r.,media,asie et europe terminus,terminus asie et europe,bragala fl.,fluvius bragala
,,,,,hesperia c.,c. Esperia,cesarea in capadocie,Cesarea Capadocie,,,,,trogodite,trigogites,media c.,media,asie et affrice terminus,terminus asie et affrice,sarnus fl.,fluvius sarnus
,,,,,octogora c.,c. Octorogorra,cesarea in palestine,Cesarea Palestine,,,,,crise,crisa insula,susis,susis,gog et magog,gog et magog,aspala fl.,fluvius aspala
,,,,,circius v.,circius qui est gallicus,cesarea philippi,Cesarea Philippi,,,,,gymnosophiste,gignosophiste,ctesiphon,hyctesiphon,,,gerara,gerara
,,,,,gallicus v.,circius qui est gallicus,cesaria in mauritania,Cesaria,,,,,narbonensis r.,nabonensis,bactria r.,bactria,,,tiber c.,tiberus
,,,,,,,ceutria,Ceutria,,,,,hiberia,hyberia,bactria c.,bactrum oppidum,,,helles fl.,fluvius helles
,,,,,,,chadesbarne,Chadesbarne,,,,,sidon c.,sidon,carras,charra,,,gamara,gamara
,,,,,,,chaldea,Chaldea,,,,,braca i.,braca insula,edessa,edessa,,,corarus fl. ,fluvius corarus
,,,,,,,cana,Chana,,,,,malva fl.,malva,calanne,calanne,,,fasga m.,mons fasga
,,,,,,,carras,Charra,,,,,carmania,carmana,seleucia in mesopotamia,seleucia,,,phitonis promuntorium,Phitonis Promunctorium
,,,,,,,chios,Chion,,,,,cephalonia i.,insula cefalonia,philadelphia,philadelphia,,,aracusia,aracusia
,,,,,,,chobar fl.,Chobar,,,,,adanum i.,adanus insula,octogora c.,ortogorra,,,astrixis m.,mons astrixis
,,,,,,,colchos i.,Cholcos,,,,,bristol,bristol,samarcan c.,samarchan,,,rugone,rugone
,,,,,,,choos,Choos,,,,,janua,ianua,attippi c.,attippi,,,fareie i.,fareie
,,,,,,,cyclades,Cyclades,,,,,andegavia r.,andegavia,alexandria in scythia c.,alexandria,,,carnarvan,Carnaruan
,,,,,,,cidnus fl.,Cignus,,,,,baleares i.,insule baliaris,scythiopolis,scitopolis,,,moabite,moabite
,,,,,,,cilicia,Cilicia,,,,,sine naribus,gentes sine naribus,safris,vicus saphiri,,,vivaria i.,Viuaria
,,,,,,,cilicus s.,Cilicus sinus,,,,,alexandria in egyptus c.,alexandria,antiochia,antiochia,,,neapolis,neapolis
,,,,,,,cimera m.,Cimera,,,,,bavaria,bavaria,damascus,damascus,,,palestina,Palestinam
,,,,,,,cimericum mare,Cimericum,,,,,arca noe,archa noe,seleucia in siria,seleucia,,,perona,perona
,,,,,,,cinopodes,Cinopodes,,,,,philenorum are,are philanorum,tyrus,tyrus,,,nola,nola
,,,,,,,circapolis,Circapcolis,,,,,italicus s.,ytalicus sinus,sidon c.,sidon,,,lincolina c.,lincolnia
,,,,,,,cisame,Cisame,,,,,man,insula man,tarsus,tarsus,,,meldis,latimacus
,,,,,,,citherea i.,Citherea,,,,,ethiopia calidissima,ethiopia calidissima,nicomedia,nichomedia,,,celdara,celdara
,,,,,,,clarus m.,Clarus mons,,,,,creta,creta,nicaea,nicea,,,lempnos i.,lempnos
,,,,,,,claudiopolis,Claudiopolis,,,,,colonia,colonia,calcedonia c.,calcedonia,,,maculea,Maculea
,,,,,,,climax m.,Climax,,,,,homines canescunt in iuventute et nigrescunt in senectute,homines canescunt in iuventute,sardis,sardis,,,ravenna,ravenna
,,,,,,,clipea,Clipea,,,,,hispania,hispania,ilium,ilium,,,gesortia,Gesortia
,,,,,,,coaspis,Coaspis,,,,,brundisium,brundiston,ephesus,ephesus,,,magontia,magoncia
,,,,,,,cocadrillus,Cocodrilli,,,,,termineus s.,sinus termineus,pergamus,pergamus,,,amphipolis,amfipolis
,,,,,,,colonia,Colonia,,,,,excester,excester,tyatira c.,tiatire,,,panda,panda
,,,,,,,colubraria i.,colubraria,,,,,stanford,stanford,samaria r.,samarie,,,pisidia,persidia
,,,,,,,commagena,Commagena,,,,,propontides i.,propontides insula,betthaven c.,betthaven,,,phiaroth,Phiaroth
,,,,,,,constantia,Constantia,,,,,malichu i.,malicus insule,samaria c.,samaria,,,berwicia,berwicia
,,,,,,,constantinopolis,Constantinoplis,,,,,armenie m.,mons armenie,cesarea in palestine,cesarea,,,ophir,ophir
,,,,,,,convenarum,Convenarum,,,,,wintonia,wyntonia,nazareth,nazareth,,,augusta,augusta
,,,,,,,corcyra,Corcira,,,,,tanais fl.,fluvius tanays,chorazin,corozaim,,,scrobesberia,Scrobesberia
,,,,,,,cordoba,Corduba,,,,,samaria i.,samaria insula,bethsaida,bethsaida,,,roma,roma
,,,,,,,corinthus c.,Corinthius,,,,,sardinia,sardinia,tiberias,tyberias,,,olerun i.,olerun
,,,,,,,cornelli forum,Cornelli forum,,,,,bactria r.,blactrica,cana,cana,,,passaei,pazaei
,,,,,,,cornicularia,Cornicularia,,,,,gorgades i.,gorgades insula,capernaum,capharnaum,,,provincia r. ,provincia
,,,,,,,chorazin,Corozaim,,,,,achaia,acaya,naim,naim,,,membriona,membriona
,,,,,,,corsica,Corsica,,,,,abidos i.,abidos,jerusalem,ierusalem,,,excester,Excestria
,,,,,,,cosium,Cosium,,,,,media r.,media,bethlehem,bethleem,,,quedlinburgum,Quidelingburgh
,,,,,,,creta,Creta,,,,,bethlehem,betleem,jericho,ierico,,,pictavis c.,pictavis
,,,,,,,crise,Crise,,,,,tigris fl.,[tigris fl.],hebron,ebron,,,cinocephales,Cinocephales
,,,,,,,cristoas,Crisortoas,,,,,paradisus,[paradisus],constantinopolis,constantinopolis,,,ramesses,ramesse
,,,,,,,cucim c.,Cucim oppidum,,,,,euphrates fl.,[euphrates fl.],panisus,panisus,,,remis,remis
,,,,,,,cyprium mare,Cyprium,,,,,,,nicopolis,nichopolis,,,louthian,Louthian
,,,,,,,cyprus,Cyprus,,,,,,,cesarea philippi,philippis,,,andegavis c.,Andegauis
,,,,,,,cirene,Cyrene,,,,,,,sestos c.,sestos,,,mirrea,Mirrea
,,,,,,,dacia,Daci,,,,,,,attica,attica,,,eurus v.,eurus
,,,,,,,dalmatia,Dalmatia,,,,,,,athena,athene,,,leona,Leona
,,,,,,,delminium c.,Dalmis,,,,,,,thessalonica,thessalonica,,,eudemon,eudemon
,,,,,,,damascus,Damascus,,,,,,,larissa,larissa,,,gandersum,Camder
,,,,,,,dan fl.,Dan ,,,,,,,corinthus c.,corinthus,,,epirus,Ipirum
,,,,,,,danaper fl.,Danapes,,,,,,,thebe in boeotia,thebe,,,wintonia,Wintonia
,,,,,,,danubius fl.,Danubius,,,,,,,tafnis,tafnes,,,petavium,Petauium
,,,,,,,dara fl.,Dara,,,,,,,memphis,menphis,,,letheus fl. ,lethon
,,,,,,,decusa,Decusa,,,,,,,heliopolis,eliopolis,,,planasia i.,Planasia
,,,,,,,delos i.,Delos,,,,,,,pelusium c.,pelusium,,,siracusa,Siracusa
,,,,,,,delphi,Delphi,,,,,,,alexandria bucefola,alexandria bucefola,,,saldis c.,Saldis
,,,,,,,delsephon,Delsephon,,,,,,,alexandria montuosa,alexandria montuosa,,,safris,nucudsafris
,,,,,,,derbant,Derbant,,,,,,,alexandria apud porum,alexandria apud porum,,,adiabeni,Adiabeni
,,,,,,,didime i.,Didime,,,,,,,alexandria in scythia,alexandria in scithia,,,rothomagum,Rotomagum
,,,,,,,dioscorus,Dioscorus,,,,,,,alexandria apud babilonia,alexandria apud babilonem,,,euboea,euboea
,,,,,,,dirracium,Dirracium,,,,,,,alexandria in egyptus c.,alexandria in egipto,,,magdeburgis,Magaddesburg
,,,,,,,domin,Domin,,,,,,,alexandria apud massagete,alexandria apud massagetas,,,pelusium c.,Pelasium
,,,,,,,donimus,Donimus,,,,,,,alexandria apud orgalas,alexandria apud orgalas,,,calabria r.,Recum
,,,,,,,dordonia,Dordonia,,,,,,,alexandria apud granicum,alexandria apud granicum,,,isauria,Ysauria
,,,,,,,dorstedas,Dorstedas,,,,,,,alexandria apud troadem,alexandria apud troadem,,,vercellis,Vercellis
,,,,,,,dravus fl.,Drabo,,,,,,,alexandria iuxta tigris,alexandria iuxta tigrum,,,tolosa,tolosa
,,,,,,,draco,Draco,,,,,,,alexandria apud sanctum,alexandria apud sanctum,,,icusia,Ycusia
,,,,,,,durentia,Durentia,,,,,,,libia cirenensis,libie cyrenensis,,,ruzazus,Brusutus
,,,,,,,durius,Durius,,,,,,,cirene,cyrene,,,nimpolis,Nimpolis
,,,,,,,eborica,Ebroas,,,,,,,parthenium,parthenium,,,holandia,Holandia
,,,,,,,ebos fl.,Ebrus ,,,,,,,berenice in libya c.,beronice,,,salerna,Salerna
,,,,,,,ebusus i.,Ebusus,,,,,,,apollonia c.,apollonia,,,marinia i.,Marinia
,,,,,,,echbatanis,Echbatanis,,,,,,,ptolomais,ptolomais,,,ptolomais,Tholomaida
,,,,,,,ctesiphon,Ectesifon,,,,,,,hadrumetum,adrumetum,,,beneventum,Beneuentus
,,,,,,,edessa,Edissa,,,,,,,roma,roma,,,aquileia,Aquileya
,,,,,,,edua,edua,,,,,,,alba,alba,,,capraria i.,Capraria
,,,,,,,aegeum mare,Egeum,,,,,,,capua,capua,,,sarmate g.,Sarmate
,,,,,,,egyptus d.,Egypti deserta,,,,,,,beneventum,beneventum,,,commagena,Comagena
,,,,,,,egyptus plana,Egypti plana,,,,,,,sepontus,sepontus,,,noricus,Noricus
,,,,,,,egyptium mare,Egytium,,,,,,,neapolis,neapolis,,,fenicus i.,Fencusa
,,,,,,,egyptus,Egyptus,,,,,,,tiber c.,tibur,,,ioppe,Iope
,,,,,,,egyptus inferior,Egyptus inferior,,,,,,,hostia,hostia,,,tyrus,Tirus
,,,,,,,egyptus superior,Egyptus superior,,,,,,,luna,lunis,,,ipodes,Ipopodes
,,,,,,,elam,Elam,,,,,,,mediolanum,mediolanum,,,normannia,Normannia
,,,,,,,elamite,Elamite,,,,,,,tycinum,ticinum seu papia,,,vienne,Vienna
,,,,,,,elefantes,Elefantes,,,,,,,papia,ticinum seu papia,,,patras,Patras
,,,,,,,hellada,Elladas ,,,,,,,brixia,brixia,,,marsala,Libia
,,,,,,,hellespontus,Ellespontus,,,,,,,verona,verona,,,brusias,Brusias
,,,,,,,emaus,Emaus,,,,,,,ravenna,ravenna,,,aquitania,aquitania
,,,,,,,emerita,Emerita,,,,,,,mantua,mantua,,,delminium c.,Delinum
,,,,,,,emilia,Emilia,,,,,,,cremona,cremone,,,campania,Campania
,,,,,,,moisselon emporium,Emporium Moisselon,,,,,,,aquileia,aquileia,,,argire,Argire
,,,,,,,engloisma,Engloisma,,,,,,,calabria r.,calabria,,,rages c.,Rages
,,,,,,,enoch,Enoch,,,,,,,tarentus,tarentum,,,muneth,Muneth
,,,,,,,enon,Enon,,,,,,,colonia,colonia,,,laodicia,Laodiciam
,,,,,,,eous o.,Eous,,,,,,,magontia,magunciacus,,,humber fl.,Humber
,,,,,,,ephesus,ephesus,,,,,,,salzeburg,salzeburch,,,suessionum,Suesia
,,,,,,,epiphania,epiphania,,,,,,,ratisbona,radisbona,,,massagete g.,Massagete
,,,,,,,epiroea,Epiroea,,,,,,,herbipolis,herbipolis,,,theman,Theman
,,,,,,,epirus,Epirus,,,,,,,argentora,argentina,,,ratisbona,Remesburgh
,,,,,,,equinus,Equinus,,,,,,,basilea c.,basilea,,,orcades i.,Orcades
,,,,,,,eraclea in asia minor,Eraclea,,,,,,,treveris c.,treveris,,,valeria,Valeria
,,,,,,,eraclea in boeotia,Eraclea,,,,,,,senonis,senonis,,,isara fl.,Fluuius Eysa
,,,,,,,eraclea in pannonia,Eraclea,,,,,,,vesontio,vesontium,,,menix i.,Menix
,,,,,,,eraus,Eraus,,,,,,,lugdunum,lugdunum,,,gortina,Gortina
,,,,,,,erea,Erea,,,,,,,rothomagum,rothomagus,,,teman,Theman
,,,,,,,eridanus,Eridanus,,,,,,,remis,remis,,,antalia,Atalia
,,,,,,,ericusa i.,Erifusa,,,,,,,arelatum,arelas,,,paflagonia,Paflagonia
,,,,,,,erimantus,Erimantus,,,,,,,vienne,vienna,,,miletus,Miletus
,,,,,,,hermus fl.,Ermus,,,,,,,darantasia,daranthasia,,,liburnia c.,Layburna
,,,,,,,hesperia c.,Esperia,,,,,,,ebredunum,ebredunum,,,concordia,Concordia
,,,,,,,hesperidum i.,Esperidum,,,,,,,bituris c.,bituris,,,tafnis c.,Tafnis
,,,,,,,ethiemens,Ethiemens,,,,,,,turonis,turonis,,,lixus c.,Lixcolis
,,,,,,,ethiopia,Ethiopia,,,,,,,burdigala,burdegala,,,cassiopia,Cassiopia
,,,,,,,ethiopia occidentalis,Ethiopica Egyptus,,,,,,,tolosa,tholosa,,,toletum,Toletum
,,,,,,,ethiopia egyptus,Ethiopica Egyptus,,,,,,,narbona c.,narbona,,,aquensis,Aquesia
,,,,,,,ethiopia orientalis,Ethiopica India,,,,,,,pamplona,pamphilonia,,,strasburg,Straburh
,,,,,,,ethiopia india,Ethiopica India,,,,,,,osca,osca,,,armachus,Arhmaca
,,,,,,,etruria,Etruria ,,,,,,,barcinona,barzinona,,,praga,Braga
,,,,,,,euphrates fl.,Eufrates,,,,,,,terracona c.,tarracona,,,gaba saulis,Sabaa
,,,,,,,europa,Europa,,,,,,,tortosa,torthosa,,,judei g.,iudei
,,,,,,,euxinus pontus,Eusinus Pontus,,,,,,,cartago in hispania,kartago,,,brundisium,Brundisium
,,,,,,,euxis fl.,Eusis ,,,,,,,valencia,valentia,,,thessalia,Thessalia
,,,,,,,evilath,Evilath,,,,,,,cordoba,corduba,,,coblencia,Fluencia
,,,,,,,evonia,Evonia,,,,,,,girona,gerunda,,,veredunus,Veredunum
,,,,,,,exargus,Exargus,,,,,,,hispalis,hispalis,,,paphos,Paphus
,,,,,,,farat,Farath,,,,,,,cesar augusta c.,cesaraugusta,,,cantuaria,Canturia
,,,,,,,farus,Farus,,,,,,,toletum,toletium,,,catania,Canna
,,,,,,,fasidis,Fasidis,,,,,,,cartago in africa,kartago,,,oxonium,Oxenford
,,,,,,,fauni,Fauni ,,,,,,,hippo c.,hippus,,,northhumbria,Norhumbria
,,,,,,,fenicus i.,Fenicus,,,,,,,megala,megala,,,ficaria i.,Ficaria
,,,,,,,ferrea,Ferrea,,,,,,,cesaria in mauritania,cesarea,,,malichu i.,malichu
,,,,,,,festia,Festia,,,,,,,leptis,leptis,,,carlua,Carlua
,,,,,,,flaminia,Flaminia,,,,,,,bizacium c.,bizantium,,,frisones g.,Frisones
,,,,,,,fontes,Fontes,,,,,,,clipea,clipea,,,achaia,Acaya
,,,,,,,formica,Formice,,,,,,,,,,,ilium,Hilium
,,,,,,,fortunate,Fortunate,,,,,,,,,,,illiricum r.,Illiricus
,,,,,,,forum julii,Forum Iulii,,,,,,,,,,,velabri g.,Welabri
,,,,,,,franci g.,Franci,,,,,,,,,,,numidia,Numidia
,,,,,,,francia,Francia,,,,,,,,,,,igicolis,Ygicolis
,,,,,,,frigia,Frigia,,,,,,,,,,,laude,Laude
,,,,,,,frigia maior,Frigia maior,,,,,,,,,,,phanagoria,Penagorgea
,,,,,,,frigia minor,Frigia minor,,,,,,,,,,,media r.,Medea
,,,,,,,frisia,Frisia,,,,,,,,,,,tuscia,Tuscia
,,,,,,,futensis,Futensis,,,,,,,,,,,turringia,Turingia
,,,,,,,futh,Futh,,,,,,,,,,,aegeum mare,Egea
,,,,,,,gades,Gades,,,,,,,,,,,tenedes i.,Tenedes
,,,,,,,gaditanum fretum,Gaditanum fretum,,,,,,,,,,,hibea,Hibea
,,,,,,,galathe,Galathe,,,,,,,,,,,gauloena,Gauloena
,,,,,,,galatia,Galathia,,,,,,,,,,,uluestria,Vluestria
,,,,,,,galgala,Galgala,,,,,,,,,,,galatia,Galaria
,,,,,,,galigardamena,Galigardamena,,,,,,,,,,,panopolis,Pelipolis
,,,,,,,galilea,Galilea,,,,,,,,,,,troia,Troia
,,,,,,,galli g.,Galli,,,,,,,,,,,aphrodisia,Frondisia
,,,,,,,gallia,Gallia,,,,,,,,,,,minorca,Minorga
,,,,,,,gallia belgica,Gallia Belgica,,,,,,,,,,,lemovica,Limogena
,,,,,,,gallia celtica,Gallia Celtica,,,,,,,,,,,champania,Campania
,,,,,,,gallia cisalpina,Gallia Cisalpina,,,,,,,,,,,grifes,griphes
,,,,,,,gallia narbonensis,Gallia Narbonensis,,,,,,,,,,,parthia r.,parthia
,,,,,,,gallia translapina,Gallia Transalpina,,,,,,,,,,,andrianopolis,Peliopolis
,,,,,,,galicia,Galicia,,,,,,,,,,,palencia,Palencia
,,,,,,,gallicum mare,Gallicum,,,,,,,,,,,colubraria i.,Colubraria
,,,,,,,galloreci,Gallocreci,,,,,,,,,,,sile c.,Sile
,,,,,,,gangarida,Gangarida,,,,,,,,,,,philippi in macedonia,Philippus
,,,,,,,gangines ethiopes,Gangines Ethiopes,,,,,,,,,,,leo,leo
,,,,,,,ganges fl.,Gangis ,,,,,,,,,,,zadar pula,Adrepola
,,,,,,,garema,Garama,,,,,,,,,,,ancona,Ancona
,,,,,,,garamantes,Garamanti,,,,,,,,,,,idrontum,Ydrontum
,,,,,,,gargala,Gargala,,,,,,,,,,,aulona,Aulona
,,,,,,,garonna,Garonna,,,,,,,,,,,basilicus,Basiliscus
,,,,,,,gaudonia,Gaudonia,,,,,,,,,,,geon fl.,gion
,,,,,,,gaulonum i.,Gaulonum,,,,,,,,,,,agregentum,Agrigene
,,,,,,,gaza,Gaza,,,,,,,,,,,alticium,Alticium
,,,,,,,gazari g.,Gazari,,,,,,,,,,,man,Man
,,,,,,,gehenna,Gehenna,,,,,,,,,,,crisolida i.,Criselida
,,,,,,,gelboe m.,Gelboe,,,,,,,,,,,arabona,Arabona
,,,,,,,geloni,Geloni,,,,,,,,,,,pathmos,Pathmos
,,,,,,,gennesar l.,Genesareth,,,,,,,,,,,leodium,Leodium
,,,,,,,gennabus,Gennabus,,,,,,,,,,,tarentus,Tarentum
,,,,,,,germania,Germania,,,,,,,,,,,regordane,Recordanorum
,,,,,,,getulia,Geth ,,,,,,,,,,,cornubia,Cornubia
,,,,,,,gethsuri,Gethsuri,,,,,,,,,,,modin,Modin
,,,,,,,gigantes,Gigantes,,,,,,,,,,,cimeracum c.,Cimeracum
,,,,,,,gog,Gog,,,,,,,,,,,thasos,Thasos
,,,,,,,goren,Goren,,,,,,,,,,,aragona,Aragona
,,,,,,,gorgades i.,Gorgodes,,,,,,,,,,,tenedos i.,Tenedos
,,,,,,,gorgoneos,Gorgoneos,,,,,,,,,,,cephalenta,Cephalenta
,,,,,,,gortina,Gortina,,,,,,,,,,,caul i.,Caul
,,,,,,,gothia,Gothi,,,,,,,,,,,cordoba,Corduba
,,,,,,,gratianopolis,Gratianopolis,,,,,,,,,,,mediolanum,Mediolanum
,,,,,,,grecia,Grecia,,,,,,,,,,,siluacolis,Siluacolis
,,,,,,,grifes,Grifi,,,,,,,,,,,santonum,Sentungia
,,,,,,,guisara,Guisara,,,,,,,,,,,terasia,Terasia
,,,,,,,gutalas,Gutalas,,,,,,,,,,,jaca,Yake
,,,,,,,geon fl.,Gyon,,,,,,,,,,,festia,festia insula
,,,,,,,hadrumetum,Hadrumetus,,,,,,,,,,,prienna,Prienna
,,,,,,,hai,Hai,,,,,,,,,,,hippo r.,ippone
,,,,,,,heliopolis,Heliopolis,,,,,,,,,,,hippo c.,ippone
,,,,,,,helles fl.,Helles,,,,,,,,,,,cezilie,Cezilie
,,,,,,,helvetii,Helvetii,,,,,,,,,,,carambis,Carambis
,,,,,,,columpne herculis,Herculis Columpne,,,,,,,,,,,lucania,Lucania
,,,,,,,heriforum,Heriforum,,,,,,,,,,,placentia,Placencia
,,,,,,,hermon m.,Hermon,,,,,,,,,,,daphnai,Dafnus
,,,,,,,hiberia inferior,Hiberia inferior,,,,,,,,,,,hellada,hellada
,,,,,,,hiberia superior,Hiberia superior,,,,,,,,,,,monoculi,monoculi
,,,,,,,hibericum mare,Hibericum,,,,,,,,,,,valencia,Galencia
,,,,,,,hibernia,Hibernia,,,,,,,,,,,beuerlacum,Beuerlacum
,,,,,,,hiberis fl.,Hiberus,,,,,,,,,,,dan fl.,dan
,,,,,,,hyrcani g.,Hircani,,,,,,,,,,,florencia,Florencia
,,,,,,,hispania,Hispania,,,,,,,,,,,galata i.,Galata
,,,,,,,hispanicum mare,Hispanicum,,,,,,,,,,,wie fl.,Wie
,,,,,,,psambari,Auribus carentes,,,,,,,,,,,salamis i.,Salami
,,,,,,,bicipites,Bicipites,,,,,,,,,,,murduacia,Murduacia
,,,,,,,linguis carentes,Linguis carentes,,,,,,,,,,,piscinus,Piscinus
,,,,,,,sine naribus ,Naribus carentes,,,,,,,,,,,gloucester,Glearum
,,,,,,,quatuor oculos,Quatuor oculos habentes,,,,,,,,,,,parnassus m.,Parnasus
,,,,,,,labro prominente g.,Qui labro subteriori faciem tegunt,,,,,,,,,,,caribdis,Caribdis
,,,,,,,qui nunquam igne utuntur,Qui nunquam igne utuntur,,,,,,,,,,,cilicia,Cilicia
,,,,,,,qui se in mare precipitant,Qui se in mare precipitant,,,,,,,,,,,hister fl.,Hister
,,,,,,,ora conserta g.,Ore carentes,,,,,,,,,,,northampton,Northamtonia
,,,,,,,sine capite,sine capite,,,,,,,,,,,ionia,Yonia
,,,,,,,solis carnibus viventes,Solis carnibus viventes,,,,,,,,,,,fronsacea,Fronsacea
,,,,,,,horeb m.,Hor,,,,,,,,,,,favonius v.,Favonius
,,,,,,,horrea josep,horrea Ioseph,,,,,,,,,,,cachinna,Cachinna
,,,,,,,hrohes,Hrohes,,,,,,,,,,,capua,Capua
,,,,,,,hus,Hus,,,,,,,,,,,verona,verona
,,,,,,,hylerdis c.,Hylerdis,,,,,,,,,,,mahuon,mahun
,,,,,,,hyperboreus,Hyperboreus,,,,,,,,,,,italia,Italia
,,,,,,,hyrcania inferior,Hyrcania inferior,,,,,,,,,,,himantipodes,Himantopodes
,,,,,,,hyrcania superior,Hyrcania superior,,,,,,,,,,,luceni,Luceni
,,,,,,,hystmos,Hystmos,,,,,,,,,,,kircham,Kircham
,,,,,,,histria,Hystria,,,,,,,,,,,pisa,Pisa
,,,,,,,jaculus,Iaculus,,,,,,,,,,,nazareth,Nazaret
,,,,,,,iadera,Iadera,,,,,,,,,,,amonite,Amonne
,,,,,,,janua,Ianua,,,,,,,,,,,aberdene,Aberdene
,,,,,,,icarium mare,Icarium,,,,,,,,,,,caria,Caria
,,,,,,,iconium c.,Iconium,,,,,,,,,,,sciapodes,Scinopodes
,,,,,,,ictiofagorum i.,Ictiofagi,,,,,,,,,,,chania,Cidona
,,,,,,,idumea,Idumea,,,,,,,,,,,braga,Bragaria
,,,,,,,jericho,Ierico,,,,,,,,,,,apterophon,Apterophon
,,,,,,,jerusalem,Ierusalem,,,,,,,,,,,naxos,Naxon
,,,,,,,ilium,Ilium,,,,,,,,,,,seres g.,Seres
,,,,,,,illiricum r.,Illiricum,,,,,,,,,,,asher,Asen
,,,,,,,illiricus s.,Illiricus,,,,,,,,,,,melita,Hilta
,,,,,,,imolas,Imolas,,,,,,,,,,,cirera,Cirera
,,,,,,,incubi,Incubi,,,,,,,,,,,londonia,londonia
,,,,,,,india,India que finem facit,,,,,,,,,,,apulia,apulia
,,,,,,,india,India que mittit ad Medos,,,,,,,,,,,lausana,Losana
,,,,,,,india,India que mittit ad Parthos,,,,,,,,,,,tracia r.,Trucia
,,,,,,,indicus o.,Indicus,,,,,,,,,,,euphrates fl.,Eufrates
,,,,,,,indus fl.,Indus,,,,,,,,,,,ely,Ely
,,,,,,,iona fl.,Iona,,,,,,,,,,,geneva,Genaua
,,,,,,,ionium mare,Ionium,,,,,,,,,,,cartenna,Cirtenna
,,,,,,,ioppe,Ioppe,,,,,,,,,,,thessalonica,Thessalonica
,,,,,,,jor fons,Ior,,,,,,,,,,,bayona,Bayona
,,,,,,,jordanis fl.,Iordanis,,,,,,,,,,,agriophagi ethiopes,Agriophagi Ethiopes
,,,,,,,italia,Italia,,,,,,,,,,,gomor,Gomor
,,,,,,,judea,Iudea,,,,,,,,,,,nichasii m.,Mons Nichasii
,,,,,,,junonia,Iunonia,,,,,,,,,,,yne fl.,Fluuius Yne
,,,,,,,juranus,Iuranus,,,,,,,,,,,ouse fl.,Fluuius Use
,,,,,,,carnotum,Karnotum,,,,,,,,,,,libeum m.,Mons Libeum
,,,,,,,canusius,Kanusius,,,,,,,,,,,sancti jacobi templum,templum sancti iacobi
,,,,,,,lacedemonia c.,Lacedemonia,,,,,,,,,,,antiochia in pisidia,Antiochet
,,,,,,,lacedemonia r.,Lacedemonia,,,,,,,,,,,ostrochena,Ostrochena
,,,,,,,langlaria,Langlaria,,,,,,,,,,,albana fl.,Albana Fluuius
,,,,,,,laodicia,Laodicia,,,,,,,,,,,salinarus lacus,Lacus Salinarum
,,,,,,,lanius,Lanius,,,,,,,,,,,alexandria in egyptus c.,Alexandria
,,,,,,,larissa,larissa,,,,,,,,,,,bersabee,Bersabee
,,,,,,,lates fl.,Lasec,,,,,,,,,,,cyprus in mare rubrum,Ciprus
,,,,,,,laudunus,laudunus,,,,,,,,,,,apollonia promontorium,Promunctorium Appollonis
,,,,,,,leapitinia,Leapitina,,,,,,,,,,,suevus m.,Mons Sueuus
,,,,,,,lebraha,Lebraha,,,,,,,,,,,frigia minor,Frigia Inferior
,,,,,,,lecenna,Lecenna,,,,,,,,,,,are alexandri,Aree Alexandri
,,,,,,,lemannus fl.,Lemannus,,,,,,,,,,,axona fl.,Fluuius Auxonta
,,,,,,,lemovica,Lemovica,,,,,,,,,,,sturi fl.,Fluuius Sturi
,,,,,,,leodium,Leodium,,,,,,,,,,,arna blanca fl.,Fluuius Arna Blanca
,,,,,,,leones,Leones,,,,,,,,,,,gallilcum mare,Mare Galilee
,,,,,,,leptis,leptis,,,,,,,,,,,genoa,Genua Ciuitas
,,,,,,,lesaria,lesaria,,,,,,,,,,,ganges fl.,Ganges Fluuius
,,,,,,,letheus fl.,Letheus,,,,,,,,,,,tyne fl.,fluuius tin
,,,,,,,leucaton,Leucaton,,,,,,,,,,,sirtes minores,sirtes minores
,,,,,,,leuti p.,Leuti portus,,,,,,,,,,,gelboe m.,mons gelboe
,,,,,,,libani m.,Libanus,,,,,,,,,,,tyle,ultima tile
,,,,,,,libia,Libia,,,,,,,,,,,garganus m.,Mons Garganus
,,,,,,,libia africana,Libia Africana,,,,,,,,,,,iconium c.,Yconium Ciuitas
,,,,,,,libia cirenensis,Libia Cirenensis,,,,,,,,,,,wadus fl.,Fluuius Wadus
,,,,,,,libia ethiopes,Libia Ethiopum,,,,,,,,,,,trenta fl.,Fluuius Trenta
,,,,,,,libia pentapolis,Libia Pentapolis,,,,,,,,,,,tabor m.,mons tabor
,,,,,,,libicum mare,Libicum,,,,,,,,,,,ansaga fl.,Amsiga Fluuius
,,,,,,,libie d.,Libie deserta,,,,,,,,,,,bactrus fl.,Bactrus Fluuius
,,,,,,,liburnia r.,Liburnia,,,,,,,,,,,cesarea in capadocie,Cesarea Ciuitas
,,,,,,,liburnicus s.,Liburnicus,,,,,,,,,,,cesarea philippi,Cesarea Philippi
,,,,,,,licaonia,Licaonia,,,,,,,,,,,transitus hebreorum,Transitus Filiorum Israel
,,,,,,,licia,Licia,,,,,,,,,,,stipa i.,Stipa Insula
,,,,,,,lidia,Lidia,,,,,,,,,,,hungari g.,Huni Sithe
,,,,,,,ligeris fl.,Ligeris,,,,,,,,,,,caspia c.,Caspia Ciuitas
,,,,,,,liguria,Liguria,,,,,,,,,,,dee fl.,Fluuius De
,,,,,,,liguricus s.,Liguricus,,,,,,,,,,,petaurus fl.,Fluuius Metaurus
,,,,,,,lilibeum,Lilibeum,,,,,,,,,,,dimidia tribus manasse,Dimidia tribus Manasse
,,,,,,,lingonum,Lingonum,,,,,,,,,,,india,India
,,,,,,,listra,Listris,,,,,,,,,,,mirabilis i.,Insula Mirabilis
,,,,,,,lixus c.,Lix ,,,,,,,,,,,araris fl.,Fluuius Araris
,,,,,,,lixus fl.,Lixus,,,,,,,,,,,britannia,Brittania
,,,,,,,lorum,Lorum,,,,,,,,,,,nicaeas,Niceas
,,,,,,,lotharingia,Lotharingia,,,,,,,,,,,archa noe,Archa Noe
,,,,,,,lucania,Lucania,,,,,,,,,,,tamar fl.,Fluuius Tamar
,,,,,,,luceria,Luceria,,,,,,,,,,,cotonare p.,Cotomare Portus
,,,,,,,luceni,Lucerni,,,,,,,,,,,suavia c.,Suauia
,,,,,,,lugdunum,Lugdunensis,,,,,,,,,,,torrens cison,Fluuius Torrens Cison
,,,,,,,lugdunum,Lugdunus,,,,,,,,,,,athos m.,Mons Athlans
,,,,,,,luxovium,Luxovium,,,,,,,,,,,mortuum mare,Mare Mortuum
,,,,,,,liparis i.,Lypparis,,,,,,,,,,,alexandri are,Altars of Alexander
,,,,,,,macedonia,Macedonia,,,,,,,,,,,aven fl.,Fluuius Auen
,,,,,,,macedonicus s.,Macedonicus,,,,,,,,,,,pangaeus m.,Mons Priangeus
,,,,,,,magdalus c.,Magdalum,,,,,,,,,,,ramaca c.,Ramaca Ciuitas
,,,,,,,grecia magna,Magna Grecia,,,,,,,,,,,colchorum r.,Colcorum Prouincia
,,,,,,,magnum mare,Magnum,,,,,,,,,,,ichene fl.,Fluuius Ene
,,,,,,,magog,Magog,,,,,,,,,,,sefar m.,Mons Sephar
,,,,,,,magolona,Magolona,,,,,,,,,,,nicaea,Nicea Ciuitas
,,,,,,,magontia,Maguntia,,,,,,,,,,,moin fl.,Fluuius Moin
,,,,,,,malichu i.,Malius,,,,,,,,,,,adria c.,Adria
,,,,,,,malva fl.,Malua,,,,,,,,,,,ticinus fl.,Fluuius Ticinus
,,,,,,,mantua,Mannia,,,,,,,,,,,abidos c.,Abidos Ciuitas
,,,,,,,manticora,Manticora,,,,,,,,,,,cristoas,Cristoas Ciuitas
,,,,,,,mara,Mara,,,,,,,,,,,boetis fl.,Fluuius Boetis
,,,,,,,marcomanni,Marcomanni,,,,,,,,,,,scilla i.,scilla
,,,,,,,margus,Margus,,,,,,,,,,,halasa c.,Hersura
,,,,,,,marmini,marmaredes,,,,,,,,,,,histria,Histria cum Liburnia
,,,,,,,maroch,Maroch,,,,,,,,,,,liburnia r.,Histria cum Liburnia
,,,,,,,martionopolis,Martionopolis,,,,,,,,,,,tigris fl.,Tigris
,,,,,,,massilia,Massilia,,,,,,,,,,,benacus lacus,Lacus Bennacus
,,,,,,,matisconum,Matisconum,,,,,,,,,,,septem m.,Septem Montes
,,,,,,,matrona,Matrona,,,,,,,,,,,arabia,Arabica
,,,,,,,mauritania,Mauritania,,,,,,,,,,,tize fl.,Fluuius Tize
,,,,,,,mauritania cesariensis,Mauritania Cesariensis,,,,,,,,,,,cicone g.,cicone
,,,,,,,mauritania sitifensis,Mauritania Sitifensis,,,,,,,,,,,nilus,nilus
,,,,,,,mauritania tingitana,Mauritania Tingitana,,,,,,,,,,,morinus fl.,Fluuius Morinus
,,,,,,,mauritanicum mare,Mauritanicum,,,,,,,,,,,sabrata,Sabrata Ciuitas
,,,,,,,meander,Meander,,,,,,,,,,,tortosa,Tortosa
,,,,,,,media r.,Media,,,,,,,,,,,oliveti m.,Mons Oliueti
,,,,,,,mediolanum,Mediolanum,,,,,,,,,,,hiberis fl.,Fluuius Hiber
,,,,,,,mediomatricum c.,Mediomatricum,,,,,,,,,,,arminium,Arminium
,,,,,,,megara,Megara,,,,,,,,,,,wauth fl.,Fluuius Wauth
,,,,,,,meldis,Meldis,,,,,,,,,,,salze fl.,Fluuius Salze
,,,,,,,melena,Melena,,,,,,,,,,,taurus m.,Mons Taurus
,,,,,,,melita,Melita,,,,,,,,,,,gilead m.,Mons Galaauth
,,,,,,,melos i.,Melos,,,,,,,,,,,durdan fl.,Fluuius Durdan
,,,,,,,memarmoli m.,Memarmoli,,,,,,,,,,,adrumetus,adrumetus
,,,,,,,membriona,Membriona,,,,,,,,,,,mediterraneum mare,Mare Mediteranea
,,,,,,,menapi,Menapi,,,,,,,,,,,bosphorus,Boffarum Trachius
,,,,,,,menela c.,Menela,,,,,,,,,,,pindus m.,Mons Findus
,,,,,,,menelaus m.,Menelaus,,,,,,,,,,,polibota,Pobrotta
,,,,,,,memphis,Menphis,,,,,,,,,,,atlantica d.,Tlantica Deserta
,,,,,,,meotides paludes,Meotide Paludes,,,,,,,,,,,cimericum mare,Cimerisum Mare
,,,,,,,meroe i.,Meroe,,,,,,,,,,,nadaver,Naddaber
,,,,,,,moesia,Mesia,,,,,,,,,,,molans m.,Mons Molans
,,,,,,,mesopotamia,Mesopotamia,,,,,,,,,,,exe fl.,Fluuius Exe
,,,,,,,messana,Messana,,,,,,,,,,,ligeris fl.,fluuius ligeris
,,,,,,,messia i.,messia,,,,,,,,,,,scicia c.,Scicia
,,,,,,,messia c.,messia,,,,,,,,,,,neon i.,Neon Insula
,,,,,,,messicus s.,Messicus,,,,,,,,,,,samosaka c.,Samosaka
,,,,,,,metis,Metis,,,,,,,,,,,cirene ,Cirene Ciuitas
,,,,,,,metona,Metona,,,,,,,,,,,alexandria apud babilonia,alexandria civitas
,,,,,,,mevania,Mevania,,,,,,,,,,,torrens jaboth,Torrens Iaboth
,,,,,,,miletus,Miletus,,,,,,,,,,,arecusa lacus,Arecusa Lacus
,,,,,,,mineus fl.,Mineus,,,,,,,,,,,aligardamana promuntorium,Promunctorium Aligardamana
,,,,,,,mirteum mare,Mirteum,,,,,,,,,,,bucefala,Bucefala
,,,,,,,mogona,Mogona,,,,,,,,,,,gaza,Gaza Ciuitas
,,,,,,,monasteria monachorum egyptiorum,Monasteria Monachorum Egyptiorum,,,,,,,,,,,corvus fl.,Coruus Fluuius
,,,,,,,monopodes,Monopodes,,,,,,,,,,,bethlehem,Bethleem Ciuitas
,,,,,,,cassinus m.,Mons Cassinus,,,,,,,,,,,eunochi sithe g.,Eunochi Sithe
,,,,,,,morini,Morini,,,,,,,,,,,decusa,Decusa
,,,,,,,mortuum mare,Mortuum,,,,,,,,,,,are philenorum,philenorum are
,,,,,,,mosa fl.,Mosa,,,,,,,,,,,fortunate,Fortunate Insulee
,,,,,,,mosella,Mosella,,,,,,,,,,,sauromathe sithe g.,Sauromathe Sithe
,,,,,,,nabath,Nabath,,,,,,,,,,,monasteria sancti antonii,Monasteria Sancti Antonii
,,,,,,,nadaver,Nadaver,,,,,,,,,,,bencur,Bencur
,,,,,,,nametis,Namnetis,,,,,,,,,,,suffetula,Suffetula Ciuitas
,,,,,,,nani,Nani,,,,,,,,,,,helles fl.,Fluuius Helles 
,,,,,,,narbona c.,Narbona,,,,,,,,,,,oxus fl.,Oxus Fluuius
,,,,,,,narbonensis r.,Narbonenses,,,,,,,,,,,ossa m.,Mons Offa
,,,,,,,nasamones,Nasamones,,,,,,,,,,,ariobaranes m.,Montes Ariobarzones
,,,,,,,noxon,Noxon,,,,,,,,,,,ecusium,Ecusium Ciuitas
,,,,,,,nazareth,Nazareth,,,,,,,,,,,seres c.,Seres Ciuitas
,,,,,,,neapolis,Neapolis,,,,,,,,,,,ignium c.,Ygnium et Tipassa
,,,,,,,neamusium,Nemausium,,,,,,,,,,,tipassa c.,tipassa
,,,,,,,nametis,Nemetum,,,,,,,,,,,cadrusium c.,Cadrusima Ciuitas
,,,,,,,neustria,Neustria,,,,,,,,,,,liburnice i.,Insulee Liburnice
,,,,,,,nicaea,Nicea,,,,,,,,,,,susa fl.,Fluuius Susa
,,,,,,,nicomedia,Nichomedia,,,,,,,,,,,jordanis fl.,Iordan Fluuius
,,,,,,,nicopolis,Nichopolis,,,,,,,,,,,marmini,Marmini Ethiopes
,,,,,,,nuchul fl.,Nichul,,,,,,,,,,,trogodite,Trocoditee
,,,,,,,nicopolis,Nicopolis (in Palestina),,,,,,,,,,,berenice in egypt c.,Ciuitas Berenice
,,,,,,,nilus,Nilus,,,,,,,,,,,chusta fl.,Fluuius Chusta
,,,,,,,nineveh,Ninive,,,,,,,,,,,protholomaida,Protholomaida Ceutria
,,,,,,,nisa,Nisan,,,,,,,,,,,ceutria,Protholomaida Ceutria
,,,,,,,nisibi,Nisibi,,,,,,,,,,,cannar m.,Mons Cannar
,,,,,,,nivaria i.,Nivaria,,,,,,,,,,,mauritania tingitana,Mauritania Tingitana
,,,,,,,nivernis,Nivedunu,,,,,,,,,,,retia maior,Recia Maior
,,,,,,,noricus,Noricus,,,,,,,,,,,dublina,Ciuitas Diuelin
,,,,,,,normannia,Northmannia,,,,,,,,,,,cana,Cana Galilee
,,,,,,,noviomus,Noviomus,,,,,,,,,,,tripolis c.,Tripolis Ciuitas
,,,,,,,nubie p.,Nubie Porte,,,,,,,,,,,hispania citerior,Hispania Citerior
,,,,,,,nubii g.,Nubii,,,,,,,,,,,savus fl.,Fluuius Sauus
,,,,,,,numides g.,Numides,,,,,,,,,,,libani m.,Mons Libanus
,,,,,,,numidia,Numidia,,,,,,,,,,,nuchul fl.,Nuchul Fluuius
,,,,,,,numidicus s.,Numidicus,,,,,,,,,,,caracanus c.,Carcanus Ciuitas
,,,,,,,nursia,Nursia,,,,,,,,,,,retia minor,Recia Minor
,,,,,,,occea,Occea,,,,,,,,,,,septimana c.,Septimana Ciuitas
,,,,,,,occhus,Occhus,,,,,,,,,,,mauritania sitifensis,Mauritania Sitifensis
,,,,,,,occidentalis o.,Occidentalis,,,,,,,,,,,sirtinice i.,Insula Sirtinice
,,,,,,,octogora c.,Octogorra,,,,,,,,,,,ilra fl.,Fluuius Ilra
,,,,,,,octogora fl.,Octogorra,,,,,,,,,,,castra alexandri,Castra Alexandri Magni
,,,,,,,olympia c.,Olimpia,,,,,,,,,,,hecclarum fl.,Fluuius Hecclarum
,,,,,,,olympus m.,Olimpus,,,,,,,,,,,cassius m.,Mons Cassius
,,,,,,,oliveti m.,Oliveti,,,,,,,,,,,castra nouo,Castra Nouo
,,,,,,,onagri,Onagri,,,,,,,,,,,nuam c.,Nuam Ciuitatem
,,,,,,,orcades i.,Orchades,,,,,,,,,,,avis phenix,Phenix auis
,,,,,,,organus,Organus,,,,,,,,,,,colonia,Agrippina Colonia
,,,,,,,orientalis o.,Orientalis,,,,,,,,,,,sienee g.,Sienee gentes
,,,,,,,ortigia,ortigia,,,,,,,,,,,phenicia,Phenicis Prouincia
,,,,,,,oruns,Oruns,,,,,,,,,,,protholomayda,Protholomayda Ciuitas
,,,,,,,oscobares m.,Oschobares,,,,,,,,,,,cilicinus s.,Cilicinus Sinus
,,,,,,,oximus,Oximus,,,,,,,,,,,boemia,sala Boemie
,,,,,,,pachinum,Pachinum,,,,,,,,,,,aneso fl.,Aneso Fluuius
,,,,,,,pactolus fl.,Pactulus,,,,,,,,,,,babilonia egyptus c.,Insula Babilonia Ciuitas
,,,,,,,padus fl.,Padus,,,,,,,,,,,leptis,Leptis Magna
,,,,,,,palestina,Palestina,,,,,,,,,,,lidda m.,Mons Lidda
,,,,,,,pamphilium mare,Pamphilium,,,,,,,,,,,boemaron fl.,Fluuius Boemaron
,,,,,,,pamplona,Pampolana,,,,,,,,,,,eraclea in asia minor,eraclea
,,,,,,,pandea g.,Pandea,,,,,,,,,,,eraclea in boeotia,eraclea
,,,,,,,panisus,Panisus,,,,,,,,,,,nubie p.,portee nibie
,,,,,,,pannonia,Pannonia,,,,,,,,,,,sitifis c.,Sitiphi Metropolis
,,,,,,,panorma,Panorma,,,,,,,,,,,bononia italia,Bononia crassa
,,,,,,,panotii,Panotii,,,,,,,,,,,arietum i.,Insula Arietum
,,,,,,,pantaris c.,Pantaris,,,,,,,,,,,magdalus c.,Magdalus Ciuitas
,,,,,,,panther,Panther,,,,,,,,,,,oder fl.,Fluuius Ou
,,,,,,,paphos,Paphos,,,,,,,,,,,isera fl.,Fluuius Caura
,,,,,,,papia,Papia,,,,,,,,,,,nubie m.,Montes Nibie
,,,,,,,par,Par,,,,,,,,,,,dalida fl.,Fluuius Dalida
,,,,,,,paranda,Paranda,,,,,,,,,,,medey fl.,Fluuius Medey
,,,,,,,parchoatras m.,Parchoatras,,,,,,,,,,,indie m.,Montes Yndie
,,,,,,,paretonium,Paretonium,,,,,,,,,,,abana fl.,Abana Fluuius
,,,,,,,parisius,Parisius,,,,,,,,,,,gazera c.,Gazera Ciuitas
,,,,,,,parma,parma,,,,,,,,,,,oxus fl. ostia,Ostia Oxi Fluminis
,,,,,,,paros,Paros,,,,,,,,,,,boreus fl.,Fluuius Boreus
,,,,,,,parthan in armenia c.,parthan,,,,,,,,,,,zebulon,Zabulon et Ysacar
,,,,,,,parthia r.,Parthia,,,,,,,,,,,isachar,Zabulon et Ysacar
,,,,,,,parthia in parthia c.,Parthia,,,,,,,,,,,carpatos i.,Carpatas Insula
,,,,,,,pathmos,Pathmos,,,,,,,,,,,eufrates fl.,Eufrates Fluuius
,,,,,,,patras,Patras,,,,,,,,,,,sancti andree,Sanctus Andreas
,,,,,,,pelorum m.,Pelorum,,,,,,,,,,,cidera fl.,Fluuius Cidera
,,,,,,,pelusium c.,Pelusium,,,,,,,,,,,crise,Crise Insula
,,,,,,,pelusium fl.,Pelusium,,,,,,,,,,,lunacus fl.,Fluuius Lunacus
,,,,,,,pelusium s.,Pelusium,,,,,,,,,,,alopecia c.,Allopeccea Ciuitas
,,,,,,,bergomum,Pergamum,,,,,,,,,,,alani g.,Alani Sithe
,,,,,,,pergamus,Pergamus,,,,,,,,,,,parisius,Parisius Ciuitas
,,,,,,,persia,Persia,,,,,,,,,,,ascalon,Ascalon Ciuitas
,,,,,,,persepolis,Persipolis,,,,,,,,,,,herremus scetis,Herremus Sithe Palme
,,,,,,,persicus s.,Perticus,,,,,,,,,,,cardia c.,Cardia Ciuitas
,,,,,,,perusium,Perusina,,,,,,,,,,,sancti johanni,Ciuitas Sancti Iohannis
,,,,,,,pestum,Pestum,,,,,,,,,,,fistula fl.,Fluuius Fistula
,,,,,,,petra,Petragora,,,,,,,,,,,calvarie m.,Mons Caluarie
,,,,,,,phatures,Phatures,,,,,,,,,,,effraim m.,Mons Effraim
,,,,,,,phenicia,Phenicia,,,,,,,,,,,tlede fl.,Fluuius Tlede
,,,,,,,phenicis mare,Phenicis,,,,,,,,,,,baleares i.,Baleares Insule
,,,,,,,philadelphia,Philadelphia,,,,,,,,,,,egyptus,egitum
,,,,,,,are philenorum,Philenorum are,,,,,,,,,,,albatia i.,Albatia Insula 
,,,,,,,piscinus,Picenus,,,,,,,,,,,scena i.,Scena Insula
,,,,,,,pictavis c.,Pictavis,,,,,,,,,,,arsinoe,Arsuoe Ciuitas
,,,,,,,pigmei,Pigmei,,,,,,,,,,,ebureda c.,Ebureda Ciuitas
,,,,,,,pirenei m.,Pirenei,,,,,,,,,,,adriaticus s.,Adriaticus sinus
,,,,,,,pisa,Pisa,,,,,,,,,,,dan fons,Fons Dan
,,,,,,,piscaria fl.,Piscaria,,,,,,,,,,,catapas,Catapas colonia
,,,,,,,pitavium,Pitavium,,,,,,,,,,,tagus fl.,Fluuius Tagus
,,,,,,,placentia,Placentia,,,,,,,,,,,leonum mare,Mare Leonum
,,,,,,,polibota,Polibotra,,,,,,,,,,,idi m.,Mons Yda
,,,,,,,poros,Poros,,,,,,,,,,,nineveh,Ciuitas Niniuee
,,,,,,,prester,Prester,,,,,,,,,,,aureus m.,Montes Aureos
,,,,,,,prochenissa i.,Proconissa,,,,,,,,,,,aurasium m.,Montes Euzaree
,,,,,,,propontis mare,Propontis,,,,,,,,,,,gebal m.,Mons Gebal
,,,,,,,provincia r.,Provinicia,,,,,,,,,,,horeb m.,Mons Oreb
,,,,,,,prusias c.,Prusias,,,,,,,,,,,pactolus fl.,Fluuius Pactalus
,,,,,,,psilli,Psilli,,,,,,,,,,,jericho,civitatem iericho
,,,,,,,ptolomais,Ptolomais,,,,,,,,,,,muneus fl.,fluiuus muneus
,,,,,,,punici,Punici,,,,,,,,,,,tusca fl.,Fluuius Musica
,,,,,,,ramesses,Ramesses,,,,,,,,,,,salum fl.,Fluuius Salum
,,,,,,,ransburg,Ransburg,,,,,,,,,,,helicon m.,Mons Elicon
,,,,,,,ravenna,Ravenna,,,,,,,,,,,accon,actua civitas
,,,,,,,reate,Reate,,,,,,,,,,,arabica d.,arabica deserta
,,,,,,,redonis,Redonis,,,,,,,,,,,athena,Achenus Ciuitas
,,,,,,,regium,Regium,,,,,,,,,,,gallia belgica,Gallia Belgica
,,,,,,,remis,Remis,,,,,,,,,,,libia cirenensis,Libia Cirenensis
,,,,,,,retia,Rethia,,,,,,,,,,,euxinum mare,Euxinum Mare
,,,,,,,retia maior,Rethia prima,,,,,,,,,,,augee m.,Montes Augee
,,,,,,,retia minor,Rethia secunda,,,,,,,,,,,gallia celtica,Gallia Celtica
,,,,,,,renus fl.,Rhenus,,,,,,,,,,,clarus m.,Clarus Mons
,,,,,,,rodus,Rhodus,,,,,,,,,,,craphis regnum,rengnum craphis
,,,,,,,rodanus fl.,Rhodanus,,,,,,,,,,,laureum p.,Laureum Portus
,,,,,,,riphei m.,Riphei,,,,,,,,,,,zimarim portus,Zimarim Portus
,,,,,,,robasci,Robasci,,,,,,,,,,,diomedis i.,Insula Diomedis
,,,,,,,roma,Roma,,,,,,,,,,,cidnus fl.,Fluuius Cidnus
,,,,,,,rothomagum,rothomagus,,,,,,,,,,,samara m.,Promunctorium Samara
,,,,,,,rubrum mare,rubrum,,,,,,,,,,,rodanus fl.,Fluuius Rodanus
,,,,,,,rupis,Rupis,,,,,,,,,,,canea fl.,Fluuius Canea
,,,,,,,ruscia,russicada,,,,,,,,,,,cuna fl.,Fluuius Cuna
,,,,,,,ruthupi portus c.,Ruth,,,,,,,,,,,chalearsus lacus,Lacus Calearsus
,,,,,,,ruthenus c.,Ruthenus,,,,,,,,,,,dorius fl.,Fluuius Dorius
,,,,,,,saba,Sabea,,,,,,,,,,,labro prominente g.,Gens labro prominenti
,,,,,,,savus fl.,Sabo,,,,,,,,,,,eles fl.,Fluuius Eles
,,,,,,,sabrata,Sabreta,,,,,,,,,,,padus fl.,fluuius padus
,,,,,,,sagagdan,Sagagdan,,,,,,,,,,,etham c.,etham civitas
,,,,,,,sagiensis,Sagiensis,,,,,,,,,,,metima,Metima Ciuitas
,,,,,,,sagitarii,Sagitarii,,,,,,,,,,,didime i.,Insula Didimee
,,,,,,,sagomna,Sagomna,,,,,,,,,,,patalus p.,Portus Patalus
,,,,,,,sala c.,Sala,,,,,,,,,,,paradisus,Paradisi Porte
,,,,,,,sala fl.,Sala,,,,,,,,,,,memphis,Memphis Ciuitas
,,,,,,,salamina,Salamina,,,,,,,,,,,avium i.,Insula Auium
,,,,,,,saldis c.,Saldis,,,,,,,,,,,sancti davi,Sanctus Daui
,,,,,,,sale c.,Sale,,,,,,,,,,,corcina g.,Gens Corcina
,,,,,,,salerna,Salerna,,,,,,,,,,,adanum i.,Adanum Insula
,,,,,,,saline,Saline,,,,,,,,,,,sabaria sancti martini,Sabaria Sancti Martini
,,,,,,,salmon,Salmon,,,,,,,,,,,caspium mare,Mare Caspium
,,,,,,,saltus,Saltus,,,,,,,,,,,seyr m.,Mons Seir
,,,,,,,samara m.,Samara,,,,,,,,,,,urta c.,Vrta Ciuitas
,,,,,,,samo fl.,Samo,,,,,,,,,,,livoris m.,Mons Liuoris
,,,,,,,samos i.,Samos,,,,,,,,,,,astoborta fl.,Fluuius Astoborta
,,,,,,,sancti jacobi c.,Sancti Iacobi,,,,,,,,,,,clipea ,Clippeas Ciuitas
,,,,,,,santonum,Sanctonas,,,,,,,,,,,alpes gothice,Alpes Gottice
,,,,,,,sannium,Sannium,,,,,,,,,,,africa terminus,Terminus Affrice
,,,,,,,safris,Saphra,,,,,,,,,,,sithe catharum,Catharum Sithe
,,,,,,,sardinia,Sardinia,,,,,,,,,,,hesperidum i.,Insule Hesperidum
,,,,,,,sardinicum mare,Sardinicum,,,,,,,,,,,pelorum m.,Mons Pelorum
,,,,,,,sardis,Sardis,,,,,,,,,,,caspie p.,Portee Caspie
,,,,,,,sardum mare,Sardum,,,,,,,,,,,arafaxat fl.,Fluuius Arfaxat
,,,,,,,sarepta,Sarepta,,,,,,,,,,,wisara fl.,Fluuius Wisara
,,,,,,,sarmatica r.,Sarmate,,,,,,,,,,,ossa m.,Montes Osco
,,,,,,,sarmathana c.,Sarmathana,,,,,,,,,,,ora conserta g.,Gens ore concreto
,,,,,,,sarraceni nabatehi,Sarraceni nabatehi,,,,,,,,,,,babilonia r.,Terra Babilonie
,,,,,,,satyri,Satyri,,,,,,,,,,,sigga m.,Mons Sigga
,,,,,,,saxones,Saxones,,,,,,,,,,,nisibi,Nisibi Ciuitas
,,,,,,,saxonia,Saxonia,,,,,,,,,,,lates fl.,Fluuius Lates
,,,,,,,scaldus,Scaldus,,,,,,,,,,,meotides paludes,Fluuius Meotides
,,,,,,,scena fl.,Scena,,,,,,,,,,,appanina,Appanina Ciuitas
,,,,,,,scinize,Scinize,,,,,,,,,,,arelatum,Arelas Ciuitas
,,,,,,,sithe,Scitie,,,,,,,,,,,boreus promuntorium,Promunctorium Boreum
,,,,,,,scythia,Scithia,,,,,,,,,,,ansa fl.,Fluuius Ansa
,,,,,,,scythia inferiore,Scithia inferior,,,,,,,,,,,weser fl.,fluuius wisara
,,,,,,,scythia superiore,Scithia superior,,,,,,,,,,,miopar i.,Miopar Insula
,,,,,,,scythiopolis,Scithopolis,,,,,,,,,,,sina m.,Mons Sinay
,,,,,,,scorpiones,Scorpiones,,,,,,,,,,,sabrina fl.,Sabrina Fluuius
,,,,,,,scotia,Scoti,,,,,,,,,,,termineus s.,Termineus Sinus
,,,,,,,scupis,Scupis,,,,,,,,,,,sarta fl.,Fluuius Sarta
,,,,,,,sebastea in palestina,Sebastea,,,,,,,,,,,marna fl.,Fluuius Marna
,,,,,,,sebastia in egyptus,Sebastia,,,,,,,,,,,narbonensis r.,Narbona
,,,,,,,sebastia pentapolis,Sebastia,,,,,,,,,,,aquitanicus s.,Aquitanicus Sinus
,,,,,,,seyr m.,Seir,,,,,,,,,,,pudpud c.,Pudpud Ciuitas
,,,,,,,seleucia in siria,Seleucia,,,,,,,,,,,laudunus,Mons Laudanus
,,,,,,,seleucia in mesopotamia,seleucia,,,,,,,,,,,piscaria fl.,Fluuius Piscaria
,,,,,,,senogallia,Senogallia,,,,,,,,,,,octogora c.,Octoricirus Ciuitas
,,,,,,,senonis,Senonenses,,,,,,,,,,,russicada c.,Russicada Ciuitas
,,,,,,,septem oppidum,Septem oppidum,,,,,,,,,,,fialus fons nili,Fialus fons Nili
,,,,,,,septentrion o.,Septentrionalis,,,,,,,,,,,berenice in libya c.,Berenice Ciuitas
,,,,,,,sequana fl.,Sequana,,,,,,,,,,,tarus fl.,Fluuius Tarus
,,,,,,,sequani,Sequani,,,,,,,,,,,curunbi c.,Curunbi Ciuitas
,,,,,,,seres c.,Seres,,,,,,,,,,,gangines ethiopes,Gangines Ethiope
,,,,,,,sericus mare,Sericum,,,,,,,,,,,riphei m.,Riphay Montes
,,,,,,,serpentes,Serpentes,,,,,,,,,,,lech fl.,Fluuius Lech
,,,,,,,sessia,Sessia,,,,,,,,,,,uttica c.,Vttica Ciuitas
,,,,,,,sestos c.,Sestos,,,,,,,,,,,archas c.,Archas Ciuitas
,,,,,,,sichem,Sichem,,,,,,,,,,,icaria i.,Ucaria Insula
,,,,,,,sicilia,Sicilia,,,,,,,,,,,bande fl.,Fluuius Bande
,,,,,,,siculum,siculum,,,,,,,,,,,tustrum c.,Ciuitas Tustrum
,,,,,,,sidon i.,Sidonia,,,,,,,,,,,essedones sithe,Essedones Sithe
,,,,,,,sigau,Sigau,,,,,,,,,,,nuchus fl.,Fluuius Nuchus
,,,,,,,siler fl.,Siler,,,,,,,,,,,magoma c.,Magoma
,,,,,,,silvanectum,Silvanectum,,,,,,,,,,,pineus fl.,Fluuius Pineus
,,,,,,,sinnada,Sinnada,,,,,,,,,,,pamplona,pampilonia
,,,,,,,sipontus,Sipontus,,,,,,,,,,,mellila c.,Russaden Ciuitas
,,,,,,,siracusa,Siracusana,,,,,,,,,,,colne fl.,Fluuius Colne
,,,,,,,siraph,Siraph,,,,,,,,,,,horrea josep,Orrea Ioseph
,,,,,,,sirtes,Sirtes,,,,,,,,,,,bizacium c.,Bizancium Ciuitas
,,,,,,,sitifis c.,Sitifis,,,,,,,,,,,gaza municipium,Gaza Municipium
,,,,,,,sochoth,Socoth,,,,,,,,,,,sti fl.,Fluuius Sti
,,,,,,,soloe,Soloe,,,,,,,,,,,calpes m.,Mons Calpel
,,,,,,,somena,Somena,,,,,,,,,,,hydaspis fl.,Ydaspis Fluuius
,,,,,,,spoletum,Spoletum,,,,,,,,,,,ardens m.,Mons Ardens
,,,,,,,stoecades,Stoecades,,,,,,,,,,,acheron fl.,fluuius achen
,,,,,,,strasburg,Straburg,,,,,,,,,,,apollonia c.,Ciuitas Apollonia
,,,,,,,stridonis i.,Stridonis,,,,,,,,,,,olympus m.,Mons Olimpus
,,,,,,,strimon fl.,Strimon,,,,,,,,,,,jor fons,Fons Ior
,,,,,,,stripodes,Stripodem,,,,,,,,,,,armenia inferior,Armenia Inferior
,,,,,,,strongile,Strongile,,,,,,,,,,,hebron,Ebron Ciuitas
,,,,,,,subentani,Subentani,,,,,,,,,,,bethel,Bethel Ciuitas
,,,,,,,suessionum,Suessionum,,,,,,,,,,,chooloissime c.,Vrbs Choolissime
,,,,,,,suevus m.,Suevus,,,,,,,,,,,pannonia inferior,Pannonia Inferior
,,,,,,,suevia,Suevia,,,,,,,,,,,ypanis fl.,Fluuius Yppanis
,,,,,,,susis,Susis,,,,,,,,,,,india,yndia
,,,,,,,sidon c.,Sydonia,,,,,,,,,,,jerusalem,Ciuitas Ierusalem
,,,,,,,sina m.,Syna,,,,,,,,,,,caucasus m.,Mons Caucasus
,,,,,,,syon m.,Syon,,,,,,,,,,,thamise fl.,Fluuius Thamise
,,,,,,,siria,Syria,,,,,,,,,,,sirtes maiores,Sirtes Maiores
,,,,,,,syrmium,Syrmium,,,,,,,,,,,ganges fl.,ganges fl.
,,,,,,,sirtes minores,Syrtes minores,,,,,,,,,,,gallia,Gallia
,,,,,,,tabraca,Tabraca,,,,,,,,,,,samarcan c.,Samarcan Ciuitas
,,,,,,,tagapi,Tagapi,,,,,,,,,,,yler fl.,Fluuius Yler
,,,,,,,tagus fl.,Tagus,,,,,,,,,,,zeugis r.,Zeugis regio
,,,,,,,taprobana,Taprobana,,,,,,,,,,,pathmum m.,Mons Pathmum
,,,,,,,tapson i.,Tapson,,,,,,,,,,,parchoatras m.,Montes Parcoatras
,,,,,,,tarentus,Tarentus,,,,,,,,,,,decapolis r.,Decapolis regio
,,,,,,,tarvenna,Tarvenna,,,,,,,,,,,cuya c.,Cuya Ciuitas
,,,,,,,tatus c.,Tatus,,,,,,,,,,,germania superior,Germania Superior
,,,,,,,tauri,Tauri,,,,,,,,,,,austronothus m.,Mons Austronothus
,,,,,,,tarominitani,Taurominitani,,,,,,,,,,,hesperus m.,Mons Hesperus
,,,,,,,taurus m.,Taurus,,,,,,,,,,,dara fl.,Dara Fluuius
,,,,,,,tea,Tea,,,,,,,,,,,calabria c.,Calabria
,,,,,,,templum ammonis,Templum Ammonis,,,,,,,,,,,mercurii m.,Mons Mercurii
,,,,,,,tenedos i.,Tenedos,,,,,,,,,,,binna m.,Mons Binna
,,,,,,,theode,Teode,,,,,,,,,,,germanicus s.,Sinus Germanicus
,,,,,,,terracona i.,Terracona,,,,,,,,,,,sodom c.,Sodom Ciuitas
,,,,,,,tabor m.,Thabor,,,,,,,,,,,rem fl.,Fluuius Rem
,,,,,,,tafnis,Thafnis,,,,,,,,,,,emisa fl.,Fluuius Emisa
,,,,,,,tanais fl.,Thanais,,,,,,,,,,,aque tibilitane,Aque Tibilitane
,,,,,,,thanatos,Thanatos,,,,,,,,,,,scitotauri sithe,Scitotauri Sithe
,,,,,,,tarsus,Tharsus,,,,,,,,,,,tabule testamenti,Tabule Testamenti
,,,,,,,thebe in egyptus,Thebe,,,,,,,,,,,fernus fl.,Fluuius Fernus
,,,,,,,thebe in boeotia,Thebe,,,,,,,,,,,jovis oraculum,Oraculum Iovis
,,,,,,,theodosia,Theodosia,,,,,,,,,,,mester fl.,Fluuius Mester
,,,,,,,theodosipolis,Theodosipolis,,,,,,,,,,,sochoth,Sochoth Ciuitas
,,,,,,,terasia,Therasia,,,,,,,,,,,ephesus,ephesus civitas
,,,,,,,thessalia,thessalia,,,,,,,,,,,robasci sithe,robasci sithe
,,,,,,,thessalonica,Thessalonica,,,,,,,,,,,danus fl.,Fluuius Danus
,,,,,,,teutonica,Theutonica,,,,,,,,,,,propontis mare,Propontidis Mare
,,,,,,,timavus m.,Timavus,,,,,,,,,,,canaria i.,Insule Canaria
,,,,,,,temiscerii campi,Timiscerii campi,,,,,,,,,,,saddi m.,Mons Saddi
,,,,,,,tingis,Tingis,,,,,,,,,,,nitrie m.,Alitrie Mons
,,,,,,,toglit,Toglit,,,,,,,,,,,burgh in maris,Burgh in maris
,,,,,,,tolosa,Tolosa,,,,,,,,,,,tile,tile insula
,,,,,,,tornacus,Tornacus,,,,,,,,,,,rupes sarmatharum,Rupes Sarmatharum
,,,,,,,tracia r.,Tracia,,,,,,,,,,,ebusus i.,ebos insula
,,,,,,,tragata,Tragata,,,,,,,,,,,cartago magna,Cartago Magna
,,,,,,,tragelafi,Tragelafi,,,,,,,,,,,dravus fl.,Fluuius Drauus
,,,,,,,trecas,Trecas,,,,,,,,,,,acrocerauni m.,Montes Acrocerauni
,,,,,,,treodenus,Treodenus,,,,,,,,,,,arar fl.,Fluuius Arar
,,,,,,,treveris c.,Treveris,,,,,,,,,,,hermus fl.,Fluuius Ermus
,,,,,,,tripolitana r.,Tripolitana,,,,,,,,,,,avernia r.,Auernia
,,,,,,,triton fl.,Triton,,,,,,,,,,,nicomedia,Nicomadibus Municipium
,,,,,,,trogodite,Trogodite,,,,,,,,,,,wid fl.,Fluuius Wid
,,,,,,,tuburbis,Tuburbis,,,,,,,,,,,rahais c.,Rahais Ciuitas
,,,,,,,tuburbitani,Tuburbitani,,,,,,,,,,,drepanum promuntorium,Drepanum Promunctorium
,,,,,,,tudertina,Tudertina,,,,,,,,,,,garonna,Fluuius Gerunda
,,,,,,,tullo,Tullo,,,,,,,,,,,abidos c.,Siticum Abidos
,,,,,,,tungris,Tungris,,,,,,,,,,,siticum,Siticum Abidos
,,,,,,,turchi,Turchit,,,,,,,,,,,cariz m.,Mons Cariz
,,,,,,,turonis,Turonis,,,,,,,,,,,meros m.,mons meros
,,,,,,,turris in sardinia,Turris,,,,,,,,,,,meroe i.,Meroe Insula
,,,,,,,tuscia,Tuscia,,,,,,,,,,,scena fl.,Fluuius Schene
,,,,,,,tussa,Tussa,,,,,,,,,,,carmania,Carmania Regio
,,,,,,,tyatira c.,Tyatira,,,,,,,,,,,climax m.,Mons Climax
,,,,,,,tiberias,Tyberias,,,,,,,,,,,canopus i.,Canopus insula
,,,,,,,tiberis fl.,Tyberis,,,,,,,,,,,sequana fl.,Sequana Fluuius
,,,,,,,tybut,Tybut,,,,,,,,,,,terracona c.,Terracona Ciuitas
,,,,,,,tycinum,Tycinum,,,,,,,,,,,pelorus promuntorium,mons pelorus
,,,,,,,tigris r.,Tygris,,,,,,,,,,,abarim m.,Mons Abarim
,,,,,,,tigris fl.,Tygris,,,,,,,,,,,atlas m.,Mons Authlans
,,,,,,,tyle,Tyle,,,,,,,,,,,don fl.,Fluuius Don
,,,,,,,tylos,Tylos,,,,,,,,,,,tafnus c.,Tafnus Ciuitas
,,,,,,,tyrenum mare,Tyrrenum,,,,,,,,,,,melos i.,Melos Insula
,,,,,,,tyrus,Tyrus,,,,,,,,,,,triphicia i.,Triphicia Insula
,,,,,,,ulbienses,Ulbienses,,,,,,,,,,,creta,Creta Insula
,,,,,,,ulca,Ulca,,,,,,,,,,,memarmoli m.,Montes Memarnau
,,,,,,,umbria r.,Umbria,,,,,,,,,,,licus i.,Fluuius Licus
,,,,,,,unicornes,Unicornes,,,,,,,,,,,delos i.,Delos Insula
,,,,,,,ursi,Ursi,,,,,,,,,,,alanus fl.,Alanus Fluuius
,,,,,,,valencia,Valentia,,,,,,,,,,,terracona i.,Terraconta Insula
,,,,,,,valeria,Valeria,,,,,,,,,,,lak fl.,Fluuius Lak
,,,,,,,varunna,Varunna,,,,,,,,,,,egyptus,terra egipti
,,,,,,,velabri g.,Velabri,,,,,,,,,,,cassica c. ,Cassica Ciuitas
,,,,,,,venetia,Venetia,,,,,,,,,,,antiochia ,Antiochia Ciuitas
,,,,,,,venetia,Venetia,,,,,,,,,,,tapson i.,Tapsus Insula
,,,,,,,vensura,Vensura,,,,,,,,,,,mosa fl.,Fluuius Mose
,,,,,,,veredunus,Veredunus,,,,,,,,,,,medania fl.,Fluuius Medania
,,,,,,,verona,Verona,,,,,,,,,,,acesines fl.,Acesines Fluuius
,,,,,,,vesulus m.,Vesulus,,,,,,,,,,,cyprus,Ciprus Insula
,,,,,,,vicenus,Vicenus,,,,,,,,,,,bactria c.,Bactrum Oppidum
,,,,,,,vienna,Vienna,,,,,,,,,,,thebaida r.,Thebaida Regio
,,,,,,,vincentia,Vincentia,,,,,,,,,,,papia,Papia Ciuitas
,,,,,,,vulcano i.,Vulcanie,,,,,,,,,,,cliteron fl.,Fluuius Cliteron
,,,,,,,wandalia r.,Wandala,,,,,,,,,,,saracena c.,Ciuitas Saracena
,,,,,,,wandali g.,Wandali,,,,,,,,,,,danaper fl.,Fluuius Danaper
,,,,,,,warmatia,Warmatia,,,,,,,,,,,concitus fl.,Concitus Fluuius
,,,,,,,waconia,Wasconia,,,,,,,,,,,amsidus fl.,Fluuius Amsidus
,,,,,,,icaria i.,Ycaria,,,,,,,,,,,atrax fl.,Fluuius Atrax
,,,,,,,icarium mare,Ycarium,,,,,,,,,,,capharica i.,Capharica Insula
,,,,,,,idri marini,Ydri marini,,,,,,,,,,,trogodite,trocodite
,,,,,,,himantipodes,Ymantipodes,,,,,,,,,,,bruncena r.,Bruncena regio
,,,,,,,inachus fl.,Ynacus,,,,,,,,,,,cesarea in mauritania,Cesarea Ciuitas
,,,,,,,ipodes,Ypodes,,,,,,,,,,,hispania inferior,Hispania Inferior
,,,,,,,hippo r.,Ypone Regius,,,,,,,,,,,pinesus fl.,Fluuius Pinesus
,,,,,,,hipotami,Ypotami,,,,,,,,,,,arcandes superior,Arcandes Superior
,,,,,,,isara fl.,Ysara,,,,,,,,,,,carmelus m.,Mons Carmelus
,,,,,,,isauria,Ysauria,,,,,,,,,,,mauritania cesariensis,Mauritania Cesariensis
,,,,,,,zeugis r.,Zeugis,,,,,,,,,,,timavus m.,Mons Timauus
,,,,,,,zimus,Zimus,,,,,,,,,,,thebe in boeotia,Thelea Ciuitas
,,,,,,,zmirna,Zmirna,,,,,,,,,,,suffibus c.,Suffibus Ciuitas
,,,,,,,subsolanus v.,subsolanus,,,,,,,,,,,sanctus michaelis m.,Mons Michaelis
,,,,,,,wulturnus v.,wulturnus,,,,,,,,,,,malva fl.,Fluuius Malua
,,,,,,,eurus v.,eurus,,,,,,,,,,,cleee m.,Mons Cleee
,,,,,,,auster v.,auster,,,,,,,,,,,ethiopum terra,Terra Ethiopie
,,,,,,,zephirus v.,zephirus,,,,,,,,,,,wulturnus v.,Wulturnus
,,,,,,,chorus v.,chorus,,,,,,,,,,,babel turris,Turris Babel
,,,,,,,septentrio v.,septentrio,,,,,,,,,,,grana c.,Grana Ciuitas
,,,,,,,circius v.,circius,,,,,,,,,,,larissa,Laris Ciuitas
,,,,,,,boreus v.,boreas,,,,,,,,,,,pentapolis,Pentapolis regio
,,,,,,,euroauster v.,euroauster,,,,,,,,,,,occea,Ocea Ciuitas
,,,,,,,austerafricus v.,austroafricus,,,,,,,,,,,puteus juramenti,Puteus Iuramenti
,,,,,,,africus v.,africus,,,,,,,,,,,herculis gades,Gades Herculis
,,,,,,,,,,,,,,,,,,,zeugis c.,Zeugis Ciuitas
,,,,,,,,,,,,,,,,,,,delphi,Delos
,,,,,,,,,,,,,,,,,,,damascus,Damascus Ciuitas
,,,,,,,,,,,,,,,,,,,wormanciansis,Wormanciansis
,,,,,,,,,,,,,,,,,,,paropanicades m.,Montes Paropanicades
,,,,,,,,,,,,,,,,,,,tiberis fl.,Fluuius Tiberis
,,,,,,,,,,,,,,,,,,,tarsus,Tharsus Ciuitas
,,,,,,,,,,,,,,,,,,,tiberis ostia,Ostia Tiberis
,,,,,,,,,,,,,,,,,,,timavus fl.,Timauus Fluuius
,,,,,,,,,,,,,,,,,,,germania inferior,Germania Inferior
,,,,,,,,,,,,,,,,,,,mosella,Fluuius Mosella
,,,,,,,,,,,,,,,,,,,etna m.,Mons Ethna
,,,,,,,,,,,,,,,,,,,indus fl.,Fluuius Yndus
,,,,,,,,,,,,,,,,,,,susa c.,Susa Ciuitas
,,,,,,,,,,,,,,,,,,,alberstad c.,Alberstad Ciuitas
,,,,,,,,,,,,,,,,,,,mad fl.,Fluuius et Lacus Mad
,,,,,,,,,,,,,,,,,,,mad lacus,Fluuius et Lacus Mad
,,,,,,,,,,,,,,,,,,,longobardia,Longobardia
,,,,,,,,,,,,,,,,,,,triton fl.,Lacus et Fluuius Triton
,,,,,,,,,,,,,,,,,,,triton lacus,Lacus et Fluuius Triton
,,,,,,,,,,,,,,,,,,,phori r.,Rengnum Phori et Abisaris
,,,,,,,,,,,,,,,,,,,abisaris r.,Rengnum Phori et Abisaris
,,,,,,,,,,,,,,,,,,,ylis fl.,Fluuius Ylis
,,,,,,,,,,,,,,,,,,,danubius fons,fons Danubii
,,,,,,,,,,,,,,,,,,,renus fl.,Reno Fluuio
,,,,,,,,,,,,,,,,,,,dacia,Dacia
,,,,,,,,,,,,,,,,,,,rinocorua c.,Rinocerura Ciuitas et Fluuius
,,,,,,,,,,,,,,,,,,,rinocorua fl.,Rinocerura Ciuitas et Fluuius
,,,,,,,,,,,,,,,,,,,trogodites fons,fons Trocoditas
,,,,,,,,,,,,,,,,,,,sogdiani g.,Sogdiani et Dache gentes
,,,,,,,,,,,,,,,,,,,daci g.,Sogdiani et Dache gentes
,,,,,,,,,,,,,,,,,,,blemmye,Isti os et oculos habent in humeris.
,,,,,,,,,,,,,,,,,,,infernalis fl.,fluuius infernali[s]
,,,,,,,,,,,,,,,,,,,getuli g.,"Getuli, Natabres, et Garamantes"
,,,,,,,,,,,,,,,,,,,nathabres,"Getuli, Natabres, et Garamantes"
,,,,,,,,,,,,,,,,,,,garamantes,"Getuli, Natabres, et Garamantes"
,,,,,,,,,,,,,,,,,,,eulercus fl.,Eulercus Fluuius
,,,,,,,,,,,,,,,,,,,tigris fl.,Tigris Fluuius et Lacus
,,,,,,,,,,,,,,,,,,,tigris lacus,Tigris Fluuius et Lacus
,,,,,,,,,,,,,,,,,,,media r.,"Media, Parthia Persida"
,,,,,,,,,,,,,,,,,,,parthia r.,"Media, Parthia Persida"
,,,,,,,,,,,,,,,,,,,persia,"Media, Parthia Persida"
,,,,,,,,,,,,,,,,,,,arnon fl.,Fluuius Arnon et ciuitas
,,,,,,,,,,,,,,,,,,,arnon c.,Fluuius Arnon et ciuitas
